ticket_id,ticket_text,customer_tenure_months,previous_tickets_count
TKT00000,I have suggestions to improve the usability of the product. The issue is urgent and needs resolution soon.,20,2
TKT00001,I have suggestions to improve the usability of the product.,37,1
TKT00002,I would like more information about pricing and subscription plans.,18,2
TKT00003,The application crashes frequently and shows unexpected errors. The issue is urgent and needs resolution soon.,8,1
TKT00004,The application crashes frequently and shows unexpected errors.,23,1
TKT00005,I was charged incorrectly and need clarification on my invoice.,17,2
TKT00006,I have suggestions to improve the usability of the product.,46,0
TKT00007,I would like more information about pricing and subscription plans. The issue is urgent and needs resolution soon.,46,3
TKT00008,The application crashes frequently and shows unexpected errors.,12,0
TKT00009,I would like more information about pricing and subscription plans. The issue is urgent and needs resolution soon.,4,2
TKT00010,I have suggestions to improve the usability of the product.,53,2
TKT00011,I have suggestions to improve the usability of the product. The issue is urgent and needs resolution soon.,21,1
TKT00012,I need assistance updating my account details and password.,56,3
TKT00013,I would like more information about pricing and subscription plans. The issue is urgent and needs resolution soon.,10,0
TKT00014,I would like more information about pricing and subscription plans.,51,0
TKT00015,I was charged incorrectly and need clarification on my invoice. The issue is urgent and needs resolution soon.,22,2
TKT00016,I would like more information about pricing and subscription plans.,59,3
TKT00017,I was charged incorrectly and need clarification on my invoice. The issue is urgent and needs resolution soon.,36,1
TKT00018,I was charged incorrectly and need clarification on my invoice.,28,2
TKT00019,I have suggestions to improve the usability of the product.,44,3
TKT00020,The application crashes frequently and shows unexpected errors.,9,3
TKT00021,I have suggestions to improve the usability of the product. The issue is urgent and needs resolution soon.,6,3
TKT00022,I was charged incorrectly and need clarification on my invoice.,8,2
TKT00023,The application crashes frequently and shows unexpected errors.,14,3
TKT00024,I was charged incorrectly and need clarification on my invoice.,38,4
TKT00025,I need assistance updating my account details and password.,12,2
TKT00026,I would like more information about pricing and subscription plans.,52,0
TKT00027,I have suggestions to improve the usability of the product.,37,1
TKT00028,I would like more information about pricing and subscription plans.,31,3
TKT00029,I was charged incorrectly and need clarification on my invoice. The issue is urgent and needs resolution soon.,23,1
TKT00030,I have suggestions to improve the usability of the product.,3,1
TKT00031,The application crashes frequently and shows unexpected errors. The issue is urgent and needs resolution soon.,37,2
TKT00032,I have suggestions to improve the usability of the product. The issue is urgent and needs resolution soon.,58,2
TKT00033,The application crashes frequently and shows unexpected errors. The issue is urgent and needs resolution soon.,17,2
TKT00034,I was charged incorrectly and need clarification on my invoice. The issue is urgent and needs resolution soon.,5,2
TKT00035,I would like more information about pricing and subscription plans. The issue is urgent and needs resolution soon.,46,5
TKT00036,I have suggestions to improve the usability of the product.,28,2
TKT00037,I would like more information about pricing and subscription plans.,33,1
TKT00038,I need assistance updating my account details and password.,57,0
TKT00039,I have suggestions to improve the usability of the product. The issue is urgent and needs resolution soon.,13,1
TKT00040,I have suggestions to improve the usability of the product.,57,3
TKT00041,I have suggestions to improve the usability of the product.,54,1
TKT00042,I need assistance updating my account details and password.,3,3
TKT00043,I was charged incorrectly and need clarification on my invoice. The issue is urgent and needs resolution soon.,42,1
TKT00044,I need assistance updating my account details and password.,17,1
TKT00045,I was charged incorrectly and need clarification on my invoice.,16,1
TKT00046,I have suggestions to improve the usability of the product. The issue is urgent and needs resolution soon.,11,1
TKT00047,I have suggestions to improve the usability of the product.,43,1
TKT00048,I would like more information about pricing and subscription plans. The issue is urgent and needs resolution soon.,22,1
TKT00049,I was charged incorrectly and need clarification on my invoice. The issue is urgent and needs resolution soon.,49,0
TKT00050,The application crashes frequently and shows unexpected errors. The issue is urgent and needs resolution soon.,40,1
TKT00051,I need assistance updating my account details and password. The issue is urgent and needs resolution soon.,27,2
TKT00052,The application crashes frequently and shows unexpected errors.,59,4
TKT00053,The application crashes frequently and shows unexpected errors.,57,5
TKT00054,I need assistance updating my account details and password.,25,2
TKT00055,I would like more information about pricing and subscription plans. The issue is urgent and needs resolution soon.,53,4
TKT00056,I have suggestions to improve the usability of the product. The issue is urgent and needs resolution soon.,58,0
TKT00057,I would like more information about pricing and subscription plans.,31,1
TKT00058,I would like more information about pricing and subscription plans. The issue is urgent and needs resolution soon.,35,1
TKT00059,I need assistance updating my account details and password.,39,2
TKT00060,I need assistance updating my account details and password.,25,2
TKT00061,I would like more information about pricing and subscription plans.,54,1
TKT00062,I would like more information about pricing and subscription plans.,11,1
TKT00063,I need assistance updating my account details and password. The issue is urgent and needs resolution soon.,49,1
TKT00064,The application crashes frequently and shows unexpected errors.,23,0
TKT00065,I was charged incorrectly and need clarification on my invoice. The issue is urgent and needs resolution soon.,16,2
TKT00066,I was charged incorrectly and need clarification on my invoice. The issue is urgent and needs resolution soon.,30,2
TKT00067,I need assistance updating my account details and password. The issue is urgent and needs resolution soon.,19,0
TKT00068,I would like more information about pricing and subscription plans.,34,0
TKT00069,I was charged incorrectly and need clarification on my invoice.,27,1
TKT00070,I have suggestions to improve the usability of the product. The issue is urgent and needs resolution soon.,42,3
TKT00071,I have suggestions to improve the usability of the product.,1,4
TKT00072,I would like more information about pricing and subscription plans.,52,1
TKT00073,The application crashes frequently and shows unexpected errors.,54,4
TKT00074,The application crashes frequently and shows unexpected errors. The issue is urgent and needs resolution soon.,8,4
TKT00075,I need assistance updating my account details and password. The issue is urgent and needs resolution soon.,49,1
TKT00076,I would like more information about pricing and subscription plans. The issue is urgent and needs resolution soon.,11,1
TKT00077,I have suggestions to improve the usability of the product. The issue is urgent and needs resolution soon.,58,2
TKT00078,I have suggestions to improve the usability of the product.,59,3
TKT00079,I have suggestions to improve the usability of the product.,8,2
TKT00080,I would like more information about pricing and subscription plans.,22,1
TKT00081,The application crashes frequently and shows unexpected errors. The issue is urgent and needs resolution soon.,52,1
TKT00082,I need assistance updating my account details and password. The issue is urgent and needs resolution soon.,48,4
TKT00083,I have suggestions to improve the usability of the product.,5,3
TKT00084,I have suggestions to improve the usability of the product.,51,2
TKT00085,I need assistance updating my account details and password.,57,2
TKT00086,The application crashes frequently and shows unexpected errors. The issue is urgent and needs resolution soon.,21,2
TKT00087,I would like more information about pricing and subscription plans.,27,2
TKT00088,I was charged incorrectly and need clarification on my invoice.,56,3
TKT00089,I have suggestions to improve the usability of the product.,23,1
TKT00090,I have suggestions to improve the usability of the product. The issue is urgent and needs resolution soon.,54,1
TKT00091,The application crashes frequently and shows unexpected errors.,24,2
TKT00092,I was charged incorrectly and need clarification on my invoice.,12,1
TKT00093,I have suggestions to improve the usability of the product. The issue is urgent and needs resolution soon.,49,4
TKT00094,I was charged incorrectly and need clarification on my invoice.,25,2
TKT00095,I would like more information about pricing and subscription plans.,45,1
TKT00096,I would like more information about pricing and subscription plans.,24,4
TKT00097,I have suggestions to improve the usability of the product. The issue is urgent and needs resolution soon.,52,1
TKT00098,I was charged incorrectly and need clarification on my invoice.,44,4
TKT00099,The application crashes frequently and shows unexpected errors.,34,2
TKT00100,I would like more information about pricing and subscription plans.,34,1
TKT00101,I have suggestions to improve the usability of the product. The issue is urgent and needs resolution soon.,25,1
TKT00102,I need assistance updating my account details and password. The issue is urgent and needs resolution soon.,11,1
TKT00103,I was charged incorrectly and need clarification on my invoice. The issue is urgent and needs resolution soon.,39,2
TKT00104,I need assistance updating my account details and password.,1,1
TKT00105,The application crashes frequently and shows unexpected errors.,46,1
TKT00106,I have suggestions to improve the usability of the product. The issue is urgent and needs resolution soon.,5,1
TKT00107,I need assistance updating my account details and password.,28,1
TKT00108,I was charged incorrectly and need clarification on my invoice. The issue is urgent and needs resolution soon.,32,3
TKT00109,I have suggestions to improve the usability of the product.,52,0
TKT00110,The application crashes frequently and shows unexpected errors.,31,1
TKT00111,I was charged incorrectly and need clarification on my invoice.,6,2
TKT00112,I need assistance updating my account details and password.,45,2
TKT00113,I was charged incorrectly and need clarification on my invoice.,2,3
TKT00114,I have suggestions to improve the usability of the product.,28,0
TKT00115,I need assistance updating my account details and password.,52,0
TKT00116,I would like more information about pricing and subscription plans.,3,2
TKT00117,I was charged incorrectly and need clarification on my invoice.,26,3
TKT00118,I was charged incorrectly and need clarification on my invoice. The issue is urgent and needs resolution soon.,19,2
TKT00119,I was charged incorrectly and need clarification on my invoice.,1,2
TKT00120,I have suggestions to improve the usability of the product. The issue is urgent and needs resolution soon.,17,0
TKT00121,I would like more information about pricing and subscription plans. The issue is urgent and needs resolution soon.,49,1
TKT00122,I was charged incorrectly and need clarification on my invoice.,1,2
TKT00123,I have suggestions to improve the usability of the product. The issue is urgent and needs resolution soon.,58,1
TKT00124,The application crashes frequently and shows unexpected errors.,59,5
TKT00125,I would like more information about pricing and subscription plans.,46,3
TKT00126,I would like more information about pricing and subscription plans.,52,3
TKT00127,I would like more information about pricing and subscription plans. The issue is urgent and needs resolution soon.,26,1
TKT00128,I need assistance updating my account details and password. The issue is urgent and needs resolution soon.,35,3
TKT00129,The application crashes frequently and shows unexpected errors.,15,2
TKT00130,I have suggestions to improve the usability of the product. The issue is urgent and needs resolution soon.,31,3
TKT00131,The application crashes frequently and shows unexpected errors.,2,2
TKT00132,I need assistance updating my account details and password.,37,2
TKT00133,I have suggestions to improve the usability of the product. The issue is urgent and needs resolution soon.,32,3
TKT00134,I need assistance updating my account details and password. The issue is urgent and needs resolution soon.,46,4
TKT00135,I need assistance updating my account details and password. The issue is urgent and needs resolution soon.,34,1
TKT00136,The application crashes frequently and shows unexpected errors.,34,0
TKT00137,I would like more information about pricing and subscription plans. The issue is urgent and needs resolution soon.,31,0
TKT00138,The application crashes frequently and shows unexpected errors. The issue is urgent and needs resolution soon.,31,1
TKT00139,I would like more information about pricing and subscription plans. The issue is urgent and needs resolution soon.,3,1
TKT00140,I was charged incorrectly and need clarification on my invoice. The issue is urgent and needs resolution soon.,13,3
TKT00141,I was charged incorrectly and need clarification on my invoice. The issue is urgent and needs resolution soon.,12,1
TKT00142,The application crashes frequently and shows unexpected errors.,39,3
TKT00143,I have suggestions to improve the usability of the product. The issue is urgent and needs resolution soon.,41,4
TKT00144,I need assistance updating my account details and password. The issue is urgent and needs resolution soon.,16,2
TKT00145,I would like more information about pricing and subscription plans.,46,2
TKT00146,I would like more information about pricing and subscription plans.,23,2
TKT00147,I need assistance updating my account details and password.,29,3
TKT00148,I would like more information about pricing and subscription plans. The issue is urgent and needs resolution soon.,28,3
TKT00149,I need assistance updating my account details and password.,55,0
TKT00150,I need assistance updating my account details and password. The issue is urgent and needs resolution soon.,7,4
TKT00151,I was charged incorrectly and need clarification on my invoice.,12,1
TKT00152,I have suggestions to improve the usability of the product. The issue is urgent and needs resolution soon.,2,2
TKT00153,I need assistance updating my account details and password.,36,2
TKT00154,I have suggestions to improve the usability of the product.,31,3
TKT00155,I was charged incorrectly and need clarification on my invoice. The issue is urgent and needs resolution soon.,27,2
TKT00156,I have suggestions to improve the usability of the product.,23,2
TKT00157,I was charged incorrectly and need clarification on my invoice.,34,2
TKT00158,I have suggestions to improve the usability of the product. The issue is urgent and needs resolution soon.,31,2
TKT00159,I was charged incorrectly and need clarification on my invoice.,48,2
TKT00160,The application crashes frequently and shows unexpected errors. The issue is urgent and needs resolution soon.,47,3
TKT00161,I was charged incorrectly and need clarification on my invoice.,38,2
TKT00162,The application crashes frequently and shows unexpected errors.,51,3
TKT00163,The application crashes frequently and shows unexpected errors. The issue is urgent and needs resolution soon.,12,3
TKT00164,I need assistance updating my account details and password.,55,8
TKT00165,The application crashes frequently and shows unexpected errors.,55,3
TKT00166,I was charged incorrectly and need clarification on my invoice. The issue is urgent and needs resolution soon.,13,3
TKT00167,I need assistance updating my account details and password.,15,3
TKT00168,I would like more information about pricing and subscription plans. The issue is urgent and needs resolution soon.,29,1
TKT00169,The application crashes frequently and shows unexpected errors. The issue is urgent and needs resolution soon.,8,2
TKT00170,I need assistance updating my account details and password.,27,4
TKT00171,I have suggestions to improve the usability of the product.,43,1
TKT00172,I need assistance updating my account details and password. The issue is urgent and needs resolution soon.,47,0
TKT00173,I would like more information about pricing and subscription plans.,46,0
TKT00174,I was charged incorrectly and need clarification on my invoice.,5,2
TKT00175,The application crashes frequently and shows unexpected errors. The issue is urgent and needs resolution soon.,39,2
TKT00176,I would like more information about pricing and subscription plans. The issue is urgent and needs resolution soon.,4,0
TKT00177,I need assistance updating my account details and password.,14,3
TKT00178,I need assistance updating my account details and password. The issue is urgent and needs resolution soon.,7,2
TKT00179,I have suggestions to improve the usability of the product.,28,2
TKT00180,The application crashes frequently and shows unexpected errors.,7,2
TKT00181,The application crashes frequently and shows unexpected errors. The issue is urgent and needs resolution soon.,17,1
TKT00182,I was charged incorrectly and need clarification on my invoice. The issue is urgent and needs resolution soon.,36,3
TKT00183,I have suggestions to improve the usability of the product.,51,0
TKT00184,I need assistance updating my account details and password. The issue is urgent and needs resolution soon.,24,1
TKT00185,I was charged incorrectly and need clarification on my invoice.,38,4
TKT00186,I need assistance updating my account details and password.,44,3
TKT00187,I would like more information about pricing and subscription plans. The issue is urgent and needs resolution soon.,23,4
TKT00188,I would like more information about pricing and subscription plans. The issue is urgent and needs resolution soon.,11,4
TKT00189,I would like more information about pricing and subscription plans.,18,3
TKT00190,I need assistance updating my account details and password.,45,3
TKT00191,I was charged incorrectly and need clarification on my invoice.,4,3
TKT00192,I need assistance updating my account details and password. The issue is urgent and needs resolution soon.,50,2
TKT00193,I need assistance updating my account details and password.,34,4
TKT00194,I was charged incorrectly and need clarification on my invoice. The issue is urgent and needs resolution soon.,12,0
TKT00195,I was charged incorrectly and need clarification on my invoice. The issue is urgent and needs resolution soon.,24,0
TKT00196,I was charged incorrectly and need clarification on my invoice. The issue is urgent and needs resolution soon.,3,0
TKT00197,I would like more information about pricing and subscription plans. The issue is urgent and needs resolution soon.,45,2
TKT00198,I was charged incorrectly and need clarification on my invoice. The issue is urgent and needs resolution soon.,7,1
TKT00199,The application crashes frequently and shows unexpected errors. The issue is urgent and needs resolution soon.,6,1
TKT00200,I need assistance updating my account details and password.,50,0
TKT00201,The application crashes frequently and shows unexpected errors. The issue is urgent and needs resolution soon.,19,1
TKT00202,I need assistance updating my account details and password.,32,2
TKT00203,I need assistance updating my account details and password.,57,2
TKT00204,I have suggestions to improve the usability of the product. The issue is urgent and needs resolution soon.,48,2
TKT00205,The application crashes frequently and shows unexpected errors.,24,2
TKT00206,I was charged incorrectly and need clarification on my invoice. The issue is urgent and needs resolution soon.,58,0
TKT00207,I was charged incorrectly and need clarification on my invoice.,41,1
TKT00208,I need assistance updating my account details and password.,21,2
TKT00209,I have suggestions to improve the usability of the product.,6,1
TKT00210,I would like more information about pricing and subscription plans. The issue is urgent and needs resolution soon.,55,3
TKT00211,I was charged incorrectly and need clarification on my invoice.,49,3
TKT00212,I would like more information about pricing and subscription plans.,20,5
TKT00213,The application crashes frequently and shows unexpected errors.,59,4
TKT00214,I was charged incorrectly and need clarification on my invoice.,12,2
TKT00215,I need assistance updating my account details and password. The issue is urgent and needs resolution soon.,37,1
TKT00216,I would like more information about pricing and subscription plans.,7,4
TKT00217,The application crashes frequently and shows unexpected errors. The issue is urgent and needs resolution soon.,14,1
TKT00218,I would like more information about pricing and subscription plans.,30,2
TKT00219,I was charged incorrectly and need clarification on my invoice.,34,0
TKT00220,The application crashes frequently and shows unexpected errors. The issue is urgent and needs resolution soon.,46,3
TKT00221,I would like more information about pricing and subscription plans.,20,2
TKT00222,I need assistance updating my account details and password. The issue is urgent and needs resolution soon.,33,0
TKT00223,I was charged incorrectly and need clarification on my invoice. The issue is urgent and needs resolution soon.,49,1
TKT00224,The application crashes frequently and shows unexpected errors.,7,3
TKT00225,I need assistance updating my account details and password. The issue is urgent and needs resolution soon.,10,3
TKT00226,I need assistance updating my account details and password.,50,0
TKT00227,I would like more information about pricing and subscription plans. The issue is urgent and needs resolution soon.,29,3
TKT00228,I would like more information about pricing and subscription plans.,2,3
TKT00229,The application crashes frequently and shows unexpected errors.,31,2
TKT00230,I was charged incorrectly and need clarification on my invoice. The issue is urgent and needs resolution soon.,8,4
TKT00231,I need assistance updating my account details and password.,50,5
TKT00232,The application crashes frequently and shows unexpected errors.,24,5
TKT00233,I was charged incorrectly and need clarification on my invoice.,36,4
TKT00234,I would like more information about pricing and subscription plans.,49,1
TKT00235,The application crashes frequently and shows unexpected errors. The issue is urgent and needs resolution soon.,38,2
TKT00236,I was charged incorrectly and need clarification on my invoice. The issue is urgent and needs resolution soon.,3,1
TKT00237,I have suggestions to improve the usability of the product.,43,2
TKT00238,I have suggestions to improve the usability of the product.,37,3
TKT00239,I have suggestions to improve the usability of the product.,39,3
TKT00240,I was charged incorrectly and need clarification on my invoice.,20,0
TKT00241,I have suggestions to improve the usability of the product. The issue is urgent and needs resolution soon.,27,1
TKT00242,I was charged incorrectly and need clarification on my invoice.,25,1
TKT00243,I would like more information about pricing and subscription plans. The issue is urgent and needs resolution soon.,31,0
TKT00244,The application crashes frequently and shows unexpected errors.,50,1
TKT00245,The application crashes frequently and shows unexpected errors.,2,4
TKT00246,I need assistance updating my account details and password.,16,1
TKT00247,I need assistance updating my account details and password.,22,0
TKT00248,The application crashes frequently and shows unexpected errors.,1,4
TKT00249,I would like more information about pricing and subscription plans.,26,2
TKT00250,I have suggestions to improve the usability of the product. The issue is urgent and needs resolution soon.,38,1
TKT00251,I have suggestions to improve the usability of the product. The issue is urgent and needs resolution soon.,52,1
TKT00252,I have suggestions to improve the usability of the product. The issue is urgent and needs resolution soon.,56,0
TKT00253,I need assistance updating my account details and password. The issue is urgent and needs resolution soon.,39,1
TKT00254,I would like more information about pricing and subscription plans. The issue is urgent and needs resolution soon.,4,2
TKT00255,I need assistance updating my account details and password. The issue is urgent and needs resolution soon.,8,1
TKT00256,I would like more information about pricing and subscription plans.,56,1
TKT00257,I need assistance updating my account details and password.,56,2
TKT00258,I need assistance updating my account details and password. The issue is urgent and needs resolution soon.,11,0
TKT00259,I have suggestions to improve the usability of the product. The issue is urgent and needs resolution soon.,27,2
TKT00260,I was charged incorrectly and need clarification on my invoice.,37,3
TKT00261,The application crashes frequently and shows unexpected errors. The issue is urgent and needs resolution soon.,27,3
TKT00262,I was charged incorrectly and need clarification on my invoice.,2,1
TKT00263,The application crashes frequently and shows unexpected errors. The issue is urgent and needs resolution soon.,55,1
TKT00264,The application crashes frequently and shows unexpected errors.,36,1
TKT00265,I have suggestions to improve the usability of the product.,56,3
TKT00266,I need assistance updating my account details and password. The issue is urgent and needs resolution soon.,39,2
TKT00267,I would like more information about pricing and subscription plans.,21,1
TKT00268,I have suggestions to improve the usability of the product. The issue is urgent and needs resolution soon.,22,2
TKT00269,I was charged incorrectly and need clarification on my invoice. The issue is urgent and needs resolution soon.,49,2
TKT00270,I would like more information about pricing and subscription plans.,13,3
TKT00271,I have suggestions to improve the usability of the product.,12,3
TKT00272,The application crashes frequently and shows unexpected errors.,33,2
TKT00273,I have suggestions to improve the usability of the product. The issue is urgent and needs resolution soon.,27,3
TKT00274,The application crashes frequently and shows unexpected errors. The issue is urgent and needs resolution soon.,18,0
TKT00275,I have suggestions to improve the usability of the product.,48,2
TKT00276,I was charged incorrectly and need clarification on my invoice. The issue is urgent and needs resolution soon.,2,1
TKT00277,I was charged incorrectly and need clarification on my invoice.,32,2
TKT00278,I have suggestions to improve the usability of the product.,41,2
TKT00279,I have suggestions to improve the usability of the product.,12,1
TKT00280,I have suggestions to improve the usability of the product. The issue is urgent and needs resolution soon.,22,1
TKT00281,I would like more information about pricing and subscription plans.,55,1
TKT00282,I would like more information about pricing and subscription plans.,43,3
TKT00283,I have suggestions to improve the usability of the product.,43,1
TKT00284,I would like more information about pricing and subscription plans.,13,1
TKT00285,I was charged incorrectly and need clarification on my invoice.,7,2
TKT00286,I would like more information about pricing and subscription plans. The issue is urgent and needs resolution soon.,26,6
TKT00287,I have suggestions to improve the usability of the product.,58,2
TKT00288,I have suggestions to improve the usability of the product. The issue is urgent and needs resolution soon.,37,2
TKT00289,I was charged incorrectly and need clarification on my invoice.,29,3
TKT00290,I was charged incorrectly and need clarification on my invoice.,42,5
TKT00291,I would like more information about pricing and subscription plans.,14,2
TKT00292,I would like more information about pricing and subscription plans.,53,3
TKT00293,I was charged incorrectly and need clarification on my invoice.,15,1
TKT00294,I was charged incorrectly and need clarification on my invoice.,9,0
TKT00295,The application crashes frequently and shows unexpected errors.,53,2
TKT00296,I need assistance updating my account details and password. The issue is urgent and needs resolution soon.,36,2
TKT00297,The application crashes frequently and shows unexpected errors.,18,4
TKT00298,I was charged incorrectly and need clarification on my invoice. The issue is urgent and needs resolution soon.,15,2
TKT00299,I was charged incorrectly and need clarification on my invoice.,31,1
TKT00300,I was charged incorrectly and need clarification on my invoice. The issue is urgent and needs resolution soon.,7,4
TKT00301,I was charged incorrectly and need clarification on my invoice.,26,1
TKT00302,I need assistance updating my account details and password.,35,2
TKT00303,I was charged incorrectly and need clarification on my invoice.,5,1
TKT00304,I need assistance updating my account details and password. The issue is urgent and needs resolution soon.,28,5
TKT00305,I need assistance updating my account details and password.,11,1
TKT00306,I would like more information about pricing and subscription plans.,32,4
TKT00307,I was charged incorrectly and need clarification on my invoice.,25,3
TKT00308,I was charged incorrectly and need clarification on my invoice. The issue is urgent and needs resolution soon.,10,0
TKT00309,I need assistance updating my account details and password.,38,2
TKT00310,The application crashes frequently and shows unexpected errors.,35,2
TKT00311,I was charged incorrectly and need clarification on my invoice.,33,0
TKT00312,The application crashes frequently and shows unexpected errors. The issue is urgent and needs resolution soon.,1,0
TKT00313,I was charged incorrectly and need clarification on my invoice.,41,3
TKT00314,I was charged incorrectly and need clarification on my invoice. The issue is urgent and needs resolution soon.,38,1
TKT00315,The application crashes frequently and shows unexpected errors.,44,2
TKT00316,I have suggestions to improve the usability of the product. The issue is urgent and needs resolution soon.,59,2
TKT00317,I need assistance updating my account details and password.,7,1
TKT00318,I was charged incorrectly and need clarification on my invoice. The issue is urgent and needs resolution soon.,39,3
TKT00319,The application crashes frequently and shows unexpected errors. The issue is urgent and needs resolution soon.,14,2
TKT00320,I need assistance updating my account details and password.,15,1
TKT00321,I was charged incorrectly and need clarification on my invoice. The issue is urgent and needs resolution soon.,43,3
TKT00322,I would like more information about pricing and subscription plans.,4,0
TKT00323,I have suggestions to improve the usability of the product.,18,2
TKT00324,I would like more information about pricing and subscription plans.,26,1
TKT00325,I would like more information about pricing and subscription plans.,24,6
TKT00326,I have suggestions to improve the usability of the product. The issue is urgent and needs resolution soon.,15,2
TKT00327,I was charged incorrectly and need clarification on my invoice. The issue is urgent and needs resolution soon.,23,3
TKT00328,I have suggestions to improve the usability of the product.,59,1
TKT00329,I need assistance updating my account details and password.,9,3
TKT00330,I need assistance updating my account details and password.,5,4
TKT00331,I have suggestions to improve the usability of the product.,11,3
TKT00332,I need assistance updating my account details and password.,35,2
TKT00333,The application crashes frequently and shows unexpected errors.,49,1
TKT00334,I need assistance updating my account details and password.,59,3
TKT00335,I need assistance updating my account details and password.,4,1
TKT00336,I need assistance updating my account details and password.,6,3
TKT00337,The application crashes frequently and shows unexpected errors.,46,5
TKT00338,I have suggestions to improve the usability of the product.,5,2
TKT00339,I was charged incorrectly and need clarification on my invoice. The issue is urgent and needs resolution soon.,23,2
TKT00340,I have suggestions to improve the usability of the product. The issue is urgent and needs resolution soon.,47,2
TKT00341,I have suggestions to improve the usability of the product. The issue is urgent and needs resolution soon.,59,1
TKT00342,I need assistance updating my account details and password.,59,3
TKT00343,The application crashes frequently and shows unexpected errors.,56,2
TKT00344,I would like more information about pricing and subscription plans. The issue is urgent and needs resolution soon.,21,4
TKT00345,I would like more information about pricing and subscription plans.,44,3
TKT00346,I would like more information about pricing and subscription plans. The issue is urgent and needs resolution soon.,49,1
TKT00347,I was charged incorrectly and need clarification on my invoice.,21,2
TKT00348,I have suggestions to improve the usability of the product. The issue is urgent and needs resolution soon.,44,2
TKT00349,I need assistance updating my account details and password.,21,3
TKT00350,I would like more information about pricing and subscription plans. The issue is urgent and needs resolution soon.,47,3
TKT00351,I was charged incorrectly and need clarification on my invoice. The issue is urgent and needs resolution soon.,30,4
TKT00352,The application crashes frequently and shows unexpected errors. The issue is urgent and needs resolution soon.,44,2
TKT00353,I need assistance updating my account details and password.,18,5
TKT00354,I was charged incorrectly and need clarification on my invoice.,39,2
TKT00355,I was charged incorrectly and need clarification on my invoice.,44,3
TKT00356,I would like more information about pricing and subscription plans. The issue is urgent and needs resolution soon.,22,1
TKT00357,I need assistance updating my account details and password. The issue is urgent and needs resolution soon.,31,1
TKT00358,I would like more information about pricing and subscription plans.,1,1
TKT00359,I have suggestions to improve the usability of the product.,24,2
TKT00360,I need assistance updating my account details and password. The issue is urgent and needs resolution soon.,22,3
TKT00361,I need assistance updating my account details and password.,22,1
TKT00362,I was charged incorrectly and need clarification on my invoice.,43,3
TKT00363,The application crashes frequently and shows unexpected errors. The issue is urgent and needs resolution soon.,51,3
TKT00364,I would like more information about pricing and subscription plans.,20,0
TKT00365,I have suggestions to improve the usability of the product.,40,1
TKT00366,I would like more information about pricing and subscription plans.,32,2
TKT00367,I need assistance updating my account details and password.,43,3
TKT00368,I need assistance updating my account details and password. The issue is urgent and needs resolution soon.,23,2
TKT00369,I was charged incorrectly and need clarification on my invoice.,59,3
TKT00370,I was charged incorrectly and need clarification on my invoice.,53,2
TKT00371,I have suggestions to improve the usability of the product.,51,4
TKT00372,I have suggestions to improve the usability of the product. The issue is urgent and needs resolution soon.,44,1
TKT00373,The application crashes frequently and shows unexpected errors.,55,3
TKT00374,I have suggestions to improve the usability of the product.,40,0
TKT00375,I have suggestions to improve the usability of the product.,37,1
TKT00376,I would like more information about pricing and subscription plans. The issue is urgent and needs resolution soon.,55,1
TKT00377,I need assistance updating my account details and password.,33,2
TKT00378,I need assistance updating my account details and password.,41,1
TKT00379,I have suggestions to improve the usability of the product.,52,2
TKT00380,I have suggestions to improve the usability of the product.,49,2
TKT00381,I would like more information about pricing and subscription plans. The issue is urgent and needs resolution soon.,33,1
TKT00382,The application crashes frequently and shows unexpected errors. The issue is urgent and needs resolution soon.,29,3
TKT00383,I have suggestions to improve the usability of the product.,15,1
TKT00384,I would like more information about pricing and subscription plans. The issue is urgent and needs resolution soon.,14,4
TKT00385,I would like more information about pricing and subscription plans.,7,3
TKT00386,I have suggestions to improve the usability of the product.,51,4
TKT00387,I need assistance updating my account details and password.,9,4
TKT00388,I would like more information about pricing and subscription plans. The issue is urgent and needs resolution soon.,52,6
TKT00389,I was charged incorrectly and need clarification on my invoice.,6,2
TKT00390,I have suggestions to improve the usability of the product. The issue is urgent and needs resolution soon.,5,2
TKT00391,I need assistance updating my account details and password. The issue is urgent and needs resolution soon.,22,3
TKT00392,The application crashes frequently and shows unexpected errors. The issue is urgent and needs resolution soon.,55,1
TKT00393,I would like more information about pricing and subscription plans. The issue is urgent and needs resolution soon.,18,0
TKT00394,The application crashes frequently and shows unexpected errors. The issue is urgent and needs resolution soon.,56,4
TKT00395,I was charged incorrectly and need clarification on my invoice.,10,0
TKT00396,I need assistance updating my account details and password. The issue is urgent and needs resolution soon.,18,2
TKT00397,I was charged incorrectly and need clarification on my invoice. The issue is urgent and needs resolution soon.,33,1
TKT00398,I need assistance updating my account details and password.,47,0
TKT00399,The application crashes frequently and shows unexpected errors.,38,0
TKT00400,I would like more information about pricing and subscription plans.,59,3
TKT00401,The application crashes frequently and shows unexpected errors.,10,3
TKT00402,I have suggestions to improve the usability of the product.,20,4
TKT00403,I was charged incorrectly and need clarification on my invoice. The issue is urgent and needs resolution soon.,22,6
TKT00404,I would like more information about pricing and subscription plans.,4,1
TKT00405,I need assistance updating my account details and password.,32,2
TKT00406,I need assistance updating my account details and password. The issue is urgent and needs resolution soon.,57,1
TKT00407,The application crashes frequently and shows unexpected errors. The issue is urgent and needs resolution soon.,40,3
TKT00408,I need assistance updating my account details and password.,3,3
TKT00409,I was charged incorrectly and need clarification on my invoice. The issue is urgent and needs resolution soon.,15,1
TKT00410,I need assistance updating my account details and password. The issue is urgent and needs resolution soon.,37,0
TKT00411,I need assistance updating my account details and password. The issue is urgent and needs resolution soon.,30,5
TKT00412,I need assistance updating my account details and password. The issue is urgent and needs resolution soon.,58,4
TKT00413,I would like more information about pricing and subscription plans.,25,1
TKT00414,I have suggestions to improve the usability of the product. The issue is urgent and needs resolution soon.,56,2
TKT00415,I have suggestions to improve the usability of the product.,36,4
TKT00416,I would like more information about pricing and subscription plans.,56,1
TKT00417,I have suggestions to improve the usability of the product. The issue is urgent and needs resolution soon.,3,0
TKT00418,I have suggestions to improve the usability of the product.,50,1
TKT00419,The application crashes frequently and shows unexpected errors. The issue is urgent and needs resolution soon.,36,3
TKT00420,I was charged incorrectly and need clarification on my invoice. The issue is urgent and needs resolution soon.,31,2
TKT00421,I would like more information about pricing and subscription plans. The issue is urgent and needs resolution soon.,57,3
TKT00422,I was charged incorrectly and need clarification on my invoice. The issue is urgent and needs resolution soon.,45,3
TKT00423,The application crashes frequently and shows unexpected errors.,32,3
TKT00424,I have suggestions to improve the usability of the product.,50,2
TKT00425,I have suggestions to improve the usability of the product. The issue is urgent and needs resolution soon.,35,2
TKT00426,I have suggestions to improve the usability of the product.,21,3
TKT00427,I need assistance updating my account details and password. The issue is urgent and needs resolution soon.,42,6
TKT00428,I would like more information about pricing and subscription plans.,55,4
TKT00429,I have suggestions to improve the usability of the product. The issue is urgent and needs resolution soon.,3,0
TKT00430,I was charged incorrectly and need clarification on my invoice.,26,1
TKT00431,I need assistance updating my account details and password.,29,4
TKT00432,I was charged incorrectly and need clarification on my invoice.,32,1
TKT00433,I was charged incorrectly and need clarification on my invoice.,46,3
TKT00434,The application crashes frequently and shows unexpected errors.,5,2
TKT00435,I was charged incorrectly and need clarification on my invoice.,48,1
TKT00436,I have suggestions to improve the usability of the product.,25,2
TKT00437,I need assistance updating my account details and password. The issue is urgent and needs resolution soon.,34,4
TKT00438,I would like more information about pricing and subscription plans.,12,3
TKT00439,The application crashes frequently and shows unexpected errors. The issue is urgent and needs resolution soon.,21,1
TKT00440,The application crashes frequently and shows unexpected errors. The issue is urgent and needs resolution soon.,31,1
TKT00441,I was charged incorrectly and need clarification on my invoice. The issue is urgent and needs resolution soon.,50,4
TKT00442,I need assistance updating my account details and password. The issue is urgent and needs resolution soon.,49,2
TKT00443,I was charged incorrectly and need clarification on my invoice.,49,4
TKT00444,I would like more information about pricing and subscription plans. The issue is urgent and needs resolution soon.,4,2
TKT00445,I have suggestions to improve the usability of the product.,5,2
TKT00446,I have suggestions to improve the usability of the product.,37,0
TKT00447,The application crashes frequently and shows unexpected errors.,45,1
TKT00448,I have suggestions to improve the usability of the product.,58,2
TKT00449,I have suggestions to improve the usability of the product.,48,0
TKT00450,I need assistance updating my account details and password. The issue is urgent and needs resolution soon.,57,3
TKT00451,I have suggestions to improve the usability of the product.,15,2
TKT00452,The application crashes frequently and shows unexpected errors.,18,1
TKT00453,I need assistance updating my account details and password.,55,1
TKT00454,I would like more information about pricing and subscription plans.,40,3
TKT00455,I was charged incorrectly and need clarification on my invoice. The issue is urgent and needs resolution soon.,59,1
TKT00456,I would like more information about pricing and subscription plans. The issue is urgent and needs resolution soon.,5,2
TKT00457,I have suggestions to improve the usability of the product.,26,3
TKT00458,I was charged incorrectly and need clarification on my invoice. The issue is urgent and needs resolution soon.,32,2
TKT00459,The application crashes frequently and shows unexpected errors.,41,2
TKT00460,I was charged incorrectly and need clarification on my invoice. The issue is urgent and needs resolution soon.,33,2
TKT00461,I need assistance updating my account details and password.,2,0
TKT00462,I was charged incorrectly and need clarification on my invoice. The issue is urgent and needs resolution soon.,13,1
TKT00463,The application crashes frequently and shows unexpected errors.,34,2
TKT00464,The application crashes frequently and shows unexpected errors.,14,3
TKT00465,I was charged incorrectly and need clarification on my invoice.,22,2
TKT00466,I would like more information about pricing and subscription plans.,50,1
TKT00467,The application crashes frequently and shows unexpected errors.,23,2
TKT00468,I have suggestions to improve the usability of the product. The issue is urgent and needs resolution soon.,23,2
TKT00469,The application crashes frequently and shows unexpected errors. The issue is urgent and needs resolution soon.,46,1
TKT00470,I need assistance updating my account details and password.,27,3
TKT00471,I have suggestions to improve the usability of the product.,15,5
TKT00472,I would like more information about pricing and subscription plans. The issue is urgent and needs resolution soon.,9,0
TKT00473,I have suggestions to improve the usability of the product.,2,5
TKT00474,I need assistance updating my account details and password. The issue is urgent and needs resolution soon.,33,4
TKT00475,I need assistance updating my account details and password. The issue is urgent and needs resolution soon.,56,1
TKT00476,I need assistance updating my account details and password.,58,1
TKT00477,I need assistance updating my account details and password.,15,2
TKT00478,I would like more information about pricing and subscription plans.,56,1
TKT00479,I need assistance updating my account details and password.,9,1
TKT00480,I would like more information about pricing and subscription plans. The issue is urgent and needs resolution soon.,34,2
TKT00481,I need assistance updating my account details and password. The issue is urgent and needs resolution soon.,6,1
TKT00482,The application crashes frequently and shows unexpected errors. The issue is urgent and needs resolution soon.,59,2
TKT00483,I need assistance updating my account details and password.,28,2
TKT00484,I would like more information about pricing and subscription plans.,4,5
TKT00485,The application crashes frequently and shows unexpected errors.,28,4
TKT00486,I was charged incorrectly and need clarification on my invoice. The issue is urgent and needs resolution soon.,31,2
TKT00487,I was charged incorrectly and need clarification on my invoice. The issue is urgent and needs resolution soon.,26,1
TKT00488,I need assistance updating my account details and password. The issue is urgent and needs resolution soon.,55,1
TKT00489,I have suggestions to improve the usability of the product.,55,4
TKT00490,I need assistance updating my account details and password. The issue is urgent and needs resolution soon.,16,2
TKT00491,I would like more information about pricing and subscription plans.,23,5
TKT00492,I need assistance updating my account details and password.,38,2
TKT00493,I would like more information about pricing and subscription plans.,6,2
TKT00494,I was charged incorrectly and need clarification on my invoice.,49,3
TKT00495,I have suggestions to improve the usability of the product.,57,3
TKT00496,The application crashes frequently and shows unexpected errors. The issue is urgent and needs resolution soon.,4,1
TKT00497,I need assistance updating my account details and password.,48,3
TKT00498,I need assistance updating my account details and password.,23,2
TKT00499,I have suggestions to improve the usability of the product. The issue is urgent and needs resolution soon.,48,3
TKT00500,I have suggestions to improve the usability of the product.,23,2
TKT00501,I have suggestions to improve the usability of the product.,16,3
TKT00502,I need assistance updating my account details and password.,4,3
TKT00503,I was charged incorrectly and need clarification on my invoice. The issue is urgent and needs resolution soon.,48,3
TKT00504,I would like more information about pricing and subscription plans. The issue is urgent and needs resolution soon.,54,3
TKT00505,I have suggestions to improve the usability of the product.,40,0
TKT00506,I was charged incorrectly and need clarification on my invoice.,6,3
TKT00507,I need assistance updating my account details and password. The issue is urgent and needs resolution soon.,34,5
TKT00508,I need assistance updating my account details and password.,46,2
TKT00509,I have suggestions to improve the usability of the product.,45,4
TKT00510,I have suggestions to improve the usability of the product. The issue is urgent and needs resolution soon.,53,0
TKT00511,I need assistance updating my account details and password. The issue is urgent and needs resolution soon.,33,4
TKT00512,The application crashes frequently and shows unexpected errors. The issue is urgent and needs resolution soon.,59,1
TKT00513,I have suggestions to improve the usability of the product.,18,1
TKT00514,I need assistance updating my account details and password. The issue is urgent and needs resolution soon.,54,1
TKT00515,I have suggestions to improve the usability of the product. The issue is urgent and needs resolution soon.,16,1
TKT00516,The application crashes frequently and shows unexpected errors.,13,1
TKT00517,The application crashes frequently and shows unexpected errors. The issue is urgent and needs resolution soon.,58,2
TKT00518,The application crashes frequently and shows unexpected errors.,26,4
TKT00519,I need assistance updating my account details and password.,48,4
TKT00520,I need assistance updating my account details and password.,43,3
TKT00521,I would like more information about pricing and subscription plans.,18,5
TKT00522,I have suggestions to improve the usability of the product. The issue is urgent and needs resolution soon.,10,4
TKT00523,I need assistance updating my account details and password.,3,2
TKT00524,The application crashes frequently and shows unexpected errors. The issue is urgent and needs resolution soon.,48,5
TKT00525,I need assistance updating my account details and password. The issue is urgent and needs resolution soon.,43,2
TKT00526,The application crashes frequently and shows unexpected errors.,33,2
TKT00527,I was charged incorrectly and need clarification on my invoice. The issue is urgent and needs resolution soon.,32,4
TKT00528,I would like more information about pricing and subscription plans.,14,3
TKT00529,I have suggestions to improve the usability of the product.,33,3
TKT00530,I would like more information about pricing and subscription plans.,28,3
TKT00531,I have suggestions to improve the usability of the product. The issue is urgent and needs resolution soon.,31,1
TKT00532,I was charged incorrectly and need clarification on my invoice.,34,3
TKT00533,The application crashes frequently and shows unexpected errors.,29,1
TKT00534,I would like more information about pricing and subscription plans.,14,3
TKT00535,I would like more information about pricing and subscription plans.,24,2
TKT00536,I have suggestions to improve the usability of the product.,3,1
TKT00537,I would like more information about pricing and subscription plans.,4,0
TKT00538,I would like more information about pricing and subscription plans. The issue is urgent and needs resolution soon.,22,4
TKT00539,I was charged incorrectly and need clarification on my invoice.,32,2
TKT00540,I need assistance updating my account details and password. The issue is urgent and needs resolution soon.,52,1
TKT00541,I was charged incorrectly and need clarification on my invoice.,10,4
TKT00542,I would like more information about pricing and subscription plans. The issue is urgent and needs resolution soon.,27,2
TKT00543,I have suggestions to improve the usability of the product.,44,3
TKT00544,I have suggestions to improve the usability of the product.,42,3
TKT00545,The application crashes frequently and shows unexpected errors. The issue is urgent and needs resolution soon.,14,4
TKT00546,The application crashes frequently and shows unexpected errors. The issue is urgent and needs resolution soon.,39,1
TKT00547,The application crashes frequently and shows unexpected errors.,4,0
TKT00548,The application crashes frequently and shows unexpected errors.,54,2
TKT00549,I need assistance updating my account details and password.,49,3
TKT00550,I have suggestions to improve the usability of the product. The issue is urgent and needs resolution soon.,57,5
TKT00551,I have suggestions to improve the usability of the product.,43,0
TKT00552,The application crashes frequently and shows unexpected errors.,14,1
TKT00553,I was charged incorrectly and need clarification on my invoice. The issue is urgent and needs resolution soon.,10,1
TKT00554,I have suggestions to improve the usability of the product.,13,2
TKT00555,I was charged incorrectly and need clarification on my invoice.,28,2
TKT00556,The application crashes frequently and shows unexpected errors.,38,0
TKT00557,I need assistance updating my account details and password.,28,2
TKT00558,I have suggestions to improve the usability of the product. The issue is urgent and needs resolution soon.,32,1
TKT00559,The application crashes frequently and shows unexpected errors.,19,1
TKT00560,The application crashes frequently and shows unexpected errors.,35,2
TKT00561,I have suggestions to improve the usability of the product.,49,1
TKT00562,I was charged incorrectly and need clarification on my invoice.,15,3
TKT00563,I was charged incorrectly and need clarification on my invoice. The issue is urgent and needs resolution soon.,6,1
TKT00564,I was charged incorrectly and need clarification on my invoice.,38,1
TKT00565,The application crashes frequently and shows unexpected errors.,37,1
TKT00566,I would like more information about pricing and subscription plans.,52,3
TKT00567,I was charged incorrectly and need clarification on my invoice. The issue is urgent and needs resolution soon.,56,1
TKT00568,I need assistance updating my account details and password.,4,3
TKT00569,I need assistance updating my account details and password. The issue is urgent and needs resolution soon.,36,1
TKT00570,I would like more information about pricing and subscription plans.,35,0
TKT00571,I have suggestions to improve the usability of the product. The issue is urgent and needs resolution soon.,45,1
TKT00572,I need assistance updating my account details and password. The issue is urgent and needs resolution soon.,47,3
TKT00573,I need assistance updating my account details and password.,6,1
TKT00574,I have suggestions to improve the usability of the product. The issue is urgent and needs resolution soon.,25,2
TKT00575,The application crashes frequently and shows unexpected errors.,45,2
TKT00576,The application crashes frequently and shows unexpected errors. The issue is urgent and needs resolution soon.,22,4
TKT00577,I would like more information about pricing and subscription plans.,1,1
TKT00578,The application crashes frequently and shows unexpected errors.,48,0
TKT00579,I need assistance updating my account details and password.,45,0
TKT00580,I need assistance updating my account details and password. The issue is urgent and needs resolution soon.,32,2
TKT00581,I was charged incorrectly and need clarification on my invoice.,53,8
TKT00582,I need assistance updating my account details and password. The issue is urgent and needs resolution soon.,9,1
TKT00583,I need assistance updating my account details and password.,46,3
TKT00584,I need assistance updating my account details and password. The issue is urgent and needs resolution soon.,29,3
TKT00585,I need assistance updating my account details and password.,4,1
TKT00586,I was charged incorrectly and need clarification on my invoice. The issue is urgent and needs resolution soon.,11,3
TKT00587,I have suggestions to improve the usability of the product.,25,0
TKT00588,I need assistance updating my account details and password. The issue is urgent and needs resolution soon.,23,1
TKT00589,I need assistance updating my account details and password. The issue is urgent and needs resolution soon.,28,1
TKT00590,The application crashes frequently and shows unexpected errors. The issue is urgent and needs resolution soon.,39,1
TKT00591,I would like more information about pricing and subscription plans. The issue is urgent and needs resolution soon.,10,0
TKT00592,The application crashes frequently and shows unexpected errors.,7,1
TKT00593,I would like more information about pricing and subscription plans.,29,2
TKT00594,I need assistance updating my account details and password. The issue is urgent and needs resolution soon.,12,5
TKT00595,I would like more information about pricing and subscription plans.,25,5
TKT00596,I would like more information about pricing and subscription plans.,49,2
TKT00597,The application crashes frequently and shows unexpected errors.,37,3
TKT00598,I have suggestions to improve the usability of the product.,26,2
TKT00599,The application crashes frequently and shows unexpected errors.,58,2
TKT00600,I have suggestions to improve the usability of the product.,5,1
TKT00601,I have suggestions to improve the usability of the product.,39,1
TKT00602,The application crashes frequently and shows unexpected errors.,24,3
TKT00603,The application crashes frequently and shows unexpected errors. The issue is urgent and needs resolution soon.,30,1
TKT00604,I need assistance updating my account details and password.,58,4
TKT00605,I would like more information about pricing and subscription plans.,50,3
TKT00606,I have suggestions to improve the usability of the product.,5,2
TKT00607,The application crashes frequently and shows unexpected errors.,40,1
TKT00608,I need assistance updating my account details and password.,6,2
TKT00609,The application crashes frequently and shows unexpected errors. The issue is urgent and needs resolution soon.,36,0
TKT00610,I was charged incorrectly and need clarification on my invoice.,29,3
TKT00611,I need assistance updating my account details and password.,2,2
TKT00612,The application crashes frequently and shows unexpected errors.,20,0
TKT00613,The application crashes frequently and shows unexpected errors.,46,1
TKT00614,I have suggestions to improve the usability of the product.,23,2
TKT00615,I need assistance updating my account details and password. The issue is urgent and needs resolution soon.,8,3
TKT00616,I have suggestions to improve the usability of the product.,31,3
TKT00617,I was charged incorrectly and need clarification on my invoice. The issue is urgent and needs resolution soon.,28,1
TKT00618,The application crashes frequently and shows unexpected errors. The issue is urgent and needs resolution soon.,25,1
TKT00619,I was charged incorrectly and need clarification on my invoice. The issue is urgent and needs resolution soon.,39,6
TKT00620,I have suggestions to improve the usability of the product.,12,1
TKT00621,I have suggestions to improve the usability of the product.,40,0
TKT00622,I was charged incorrectly and need clarification on my invoice. The issue is urgent and needs resolution soon.,22,0
TKT00623,I have suggestions to improve the usability of the product.,55,4
TKT00624,I need assistance updating my account details and password.,2,2
TKT00625,I was charged incorrectly and need clarification on my invoice.,38,3
TKT00626,I have suggestions to improve the usability of the product.,44,6
TKT00627,I have suggestions to improve the usability of the product.,35,1
TKT00628,The application crashes frequently and shows unexpected errors.,1,1
TKT00629,I need assistance updating my account details and password.,42,2
TKT00630,I was charged incorrectly and need clarification on my invoice.,50,2
TKT00631,I was charged incorrectly and need clarification on my invoice.,29,0
TKT00632,I was charged incorrectly and need clarification on my invoice. The issue is urgent and needs resolution soon.,21,1
TKT00633,The application crashes frequently and shows unexpected errors.,24,2
TKT00634,The application crashes frequently and shows unexpected errors.,40,2
TKT00635,I need assistance updating my account details and password.,55,5
TKT00636,I have suggestions to improve the usability of the product.,21,1
TKT00637,I have suggestions to improve the usability of the product.,39,3
TKT00638,I would like more information about pricing and subscription plans.,13,3
TKT00639,I need assistance updating my account details and password. The issue is urgent and needs resolution soon.,8,1
TKT00640,I need assistance updating my account details and password.,35,3
TKT00641,I would like more information about pricing and subscription plans.,56,4
TKT00642,I was charged incorrectly and need clarification on my invoice.,9,5
TKT00643,I need assistance updating my account details and password.,25,0
TKT00644,I need assistance updating my account details and password.,36,1
TKT00645,I have suggestions to improve the usability of the product.,26,1
TKT00646,The application crashes frequently and shows unexpected errors.,3,2
TKT00647,I have suggestions to improve the usability of the product. The issue is urgent and needs resolution soon.,6,2
TKT00648,I would like more information about pricing and subscription plans.,19,0
TKT00649,I need assistance updating my account details and password.,54,2
TKT00650,I need assistance updating my account details and password.,32,2
TKT00651,I would like more information about pricing and subscription plans.,16,0
TKT00652,I was charged incorrectly and need clarification on my invoice.,11,3
TKT00653,I would like more information about pricing and subscription plans. The issue is urgent and needs resolution soon.,54,4
TKT00654,I have suggestions to improve the usability of the product. The issue is urgent and needs resolution soon.,12,3
TKT00655,The application crashes frequently and shows unexpected errors.,48,2
TKT00656,I need assistance updating my account details and password.,18,0
TKT00657,I was charged incorrectly and need clarification on my invoice. The issue is urgent and needs resolution soon.,42,2
TKT00658,I need assistance updating my account details and password.,56,1
TKT00659,I need assistance updating my account details and password. The issue is urgent and needs resolution soon.,28,2
TKT00660,The application crashes frequently and shows unexpected errors.,56,4
TKT00661,I have suggestions to improve the usability of the product.,53,1
TKT00662,I need assistance updating my account details and password. The issue is urgent and needs resolution soon.,37,4
TKT00663,I would like more information about pricing and subscription plans.,44,5
TKT00664,I would like more information about pricing and subscription plans.,41,2
TKT00665,I have suggestions to improve the usability of the product. The issue is urgent and needs resolution soon.,32,1
TKT00666,I have suggestions to improve the usability of the product.,41,1
TKT00667,I would like more information about pricing and subscription plans. The issue is urgent and needs resolution soon.,6,2
TKT00668,I have suggestions to improve the usability of the product.,3,1
TKT00669,I was charged incorrectly and need clarification on my invoice.,34,0
TKT00670,I have suggestions to improve the usability of the product. The issue is urgent and needs resolution soon.,39,3
TKT00671,I have suggestions to improve the usability of the product.,41,4
TKT00672,I have suggestions to improve the usability of the product. The issue is urgent and needs resolution soon.,1,1
TKT00673,I need assistance updating my account details and password.,22,2
TKT00674,I have suggestions to improve the usability of the product.,50,2
TKT00675,I have suggestions to improve the usability of the product.,28,5
TKT00676,I was charged incorrectly and need clarification on my invoice. The issue is urgent and needs resolution soon.,41,1
TKT00677,I have suggestions to improve the usability of the product. The issue is urgent and needs resolution soon.,6,1
TKT00678,The application crashes frequently and shows unexpected errors.,14,3
TKT00679,I need assistance updating my account details and password.,35,1
TKT00680,The application crashes frequently and shows unexpected errors.,27,3
TKT00681,I need assistance updating my account details and password. The issue is urgent and needs resolution soon.,55,1
TKT00682,I would like more information about pricing and subscription plans.,49,1
TKT00683,I have suggestions to improve the usability of the product. The issue is urgent and needs resolution soon.,48,0
TKT00684,The application crashes frequently and shows unexpected errors. The issue is urgent and needs resolution soon.,4,2
TKT00685,I would like more information about pricing and subscription plans. The issue is urgent and needs resolution soon.,35,2
TKT00686,I need assistance updating my account details and password. The issue is urgent and needs resolution soon.,54,0
TKT00687,The application crashes frequently and shows unexpected errors.,10,0
TKT00688,I would like more information about pricing and subscription plans. The issue is urgent and needs resolution soon.,15,3
TKT00689,I have suggestions to improve the usability of the product.,1,0
TKT00690,I have suggestions to improve the usability of the product.,30,4
TKT00691,I was charged incorrectly and need clarification on my invoice.,27,0
TKT00692,I was charged incorrectly and need clarification on my invoice. The issue is urgent and needs resolution soon.,21,2
TKT00693,I would like more information about pricing and subscription plans.,47,0
TKT00694,I need assistance updating my account details and password.,24,1
TKT00695,I need assistance updating my account details and password.,6,0
TKT00696,I have suggestions to improve the usability of the product.,44,3
TKT00697,I need assistance updating my account details and password.,49,1
TKT00698,I would like more information about pricing and subscription plans.,34,2
TKT00699,I have suggestions to improve the usability of the product.,43,3
TKT00700,I need assistance updating my account details and password.,34,1
TKT00701,The application crashes frequently and shows unexpected errors. The issue is urgent and needs resolution soon.,19,2
TKT00702,I was charged incorrectly and need clarification on my invoice. The issue is urgent and needs resolution soon.,14,5
TKT00703,I would like more information about pricing and subscription plans.,41,0
TKT00704,I was charged incorrectly and need clarification on my invoice.,29,5
TKT00705,I was charged incorrectly and need clarification on my invoice.,32,0
TKT00706,The application crashes frequently and shows unexpected errors.,46,2
TKT00707,I was charged incorrectly and need clarification on my invoice.,34,3
TKT00708,I was charged incorrectly and need clarification on my invoice. The issue is urgent and needs resolution soon.,37,4
TKT00709,I need assistance updating my account details and password.,57,2
TKT00710,The application crashes frequently and shows unexpected errors.,21,1
TKT00711,The application crashes frequently and shows unexpected errors.,1,0
TKT00712,I was charged incorrectly and need clarification on my invoice. The issue is urgent and needs resolution soon.,44,3
TKT00713,I would like more information about pricing and subscription plans.,20,1
TKT00714,I would like more information about pricing and subscription plans.,35,4
TKT00715,I have suggestions to improve the usability of the product.,3,4
TKT00716,The application crashes frequently and shows unexpected errors.,3,2
TKT00717,I need assistance updating my account details and password.,27,4
TKT00718,I have suggestions to improve the usability of the product. The issue is urgent and needs resolution soon.,39,1
TKT00719,I was charged incorrectly and need clarification on my invoice.,28,0
TKT00720,I need assistance updating my account details and password.,39,3
TKT00721,I was charged incorrectly and need clarification on my invoice.,8,2
TKT00722,I have suggestions to improve the usability of the product. The issue is urgent and needs resolution soon.,16,0
TKT00723,The application crashes frequently and shows unexpected errors.,11,2
TKT00724,I was charged incorrectly and need clarification on my invoice.,38,4
TKT00725,I was charged incorrectly and need clarification on my invoice.,12,2
TKT00726,I have suggestions to improve the usability of the product.,57,1
TKT00727,I need assistance updating my account details and password.,14,0
TKT00728,I would like more information about pricing and subscription plans. The issue is urgent and needs resolution soon.,23,2
TKT00729,I was charged incorrectly and need clarification on my invoice.,1,1
TKT00730,The application crashes frequently and shows unexpected errors. The issue is urgent and needs resolution soon.,7,2
TKT00731,I have suggestions to improve the usability of the product.,21,5
TKT00732,I was charged incorrectly and need clarification on my invoice. The issue is urgent and needs resolution soon.,24,4
TKT00733,I was charged incorrectly and need clarification on my invoice.,4,1
TKT00734,I was charged incorrectly and need clarification on my invoice. The issue is urgent and needs resolution soon.,35,2
TKT00735,The application crashes frequently and shows unexpected errors.,52,1
TKT00736,I was charged incorrectly and need clarification on my invoice.,13,6
TKT00737,I would like more information about pricing and subscription plans.,5,4
TKT00738,I need assistance updating my account details and password.,44,6
TKT00739,I have suggestions to improve the usability of the product.,16,2
TKT00740,The application crashes frequently and shows unexpected errors. The issue is urgent and needs resolution soon.,2,1
TKT00741,I have suggestions to improve the usability of the product. The issue is urgent and needs resolution soon.,16,3
TKT00742,The application crashes frequently and shows unexpected errors.,47,3
TKT00743,I need assistance updating my account details and password. The issue is urgent and needs resolution soon.,18,2
TKT00744,I was charged incorrectly and need clarification on my invoice.,48,2
TKT00745,The application crashes frequently and shows unexpected errors.,25,1
TKT00746,I have suggestions to improve the usability of the product. The issue is urgent and needs resolution soon.,4,2
TKT00747,I need assistance updating my account details and password. The issue is urgent and needs resolution soon.,14,4
TKT00748,I would like more information about pricing and subscription plans. The issue is urgent and needs resolution soon.,30,2
TKT00749,The application crashes frequently and shows unexpected errors. The issue is urgent and needs resolution soon.,55,1
TKT00750,I was charged incorrectly and need clarification on my invoice. The issue is urgent and needs resolution soon.,29,0
TKT00751,The application crashes frequently and shows unexpected errors. The issue is urgent and needs resolution soon.,36,0
TKT00752,I have suggestions to improve the usability of the product.,26,0
TKT00753,I would like more information about pricing and subscription plans.,1,0
TKT00754,I have suggestions to improve the usability of the product. The issue is urgent and needs resolution soon.,50,0
TKT00755,I have suggestions to improve the usability of the product. The issue is urgent and needs resolution soon.,15,2
TKT00756,I need assistance updating my account details and password.,33,2
TKT00757,I have suggestions to improve the usability of the product. The issue is urgent and needs resolution soon.,57,2
TKT00758,I need assistance updating my account details and password.,17,5
TKT00759,I was charged incorrectly and need clarification on my invoice.,49,6
TKT00760,I have suggestions to improve the usability of the product.,15,4
TKT00761,I would like more information about pricing and subscription plans. The issue is urgent and needs resolution soon.,46,0
TKT00762,I have suggestions to improve the usability of the product.,1,2
TKT00763,I was charged incorrectly and need clarification on my invoice.,44,4
TKT00764,The application crashes frequently and shows unexpected errors.,54,3
TKT00765,I would like more information about pricing and subscription plans.,55,1
TKT00766,I was charged incorrectly and need clarification on my invoice.,59,0
TKT00767,I need assistance updating my account details and password.,20,2
TKT00768,I was charged incorrectly and need clarification on my invoice.,41,3
TKT00769,I was charged incorrectly and need clarification on my invoice.,26,5
TKT00770,I have suggestions to improve the usability of the product.,25,0
TKT00771,I would like more information about pricing and subscription plans. The issue is urgent and needs resolution soon.,31,1
TKT00772,I have suggestions to improve the usability of the product. The issue is urgent and needs resolution soon.,48,2
TKT00773,I have suggestions to improve the usability of the product. The issue is urgent and needs resolution soon.,40,2
TKT00774,I have suggestions to improve the usability of the product.,52,4
TKT00775,I have suggestions to improve the usability of the product. The issue is urgent and needs resolution soon.,53,1
TKT00776,I was charged incorrectly and need clarification on my invoice. The issue is urgent and needs resolution soon.,10,2
TKT00777,I need assistance updating my account details and password. The issue is urgent and needs resolution soon.,38,1
TKT00778,I was charged incorrectly and need clarification on my invoice.,1,1
TKT00779,I need assistance updating my account details and password.,22,4
TKT00780,I need assistance updating my account details and password. The issue is urgent and needs resolution soon.,36,5
TKT00781,I need assistance updating my account details and password. The issue is urgent and needs resolution soon.,29,2
TKT00782,I was charged incorrectly and need clarification on my invoice. The issue is urgent and needs resolution soon.,28,1
TKT00783,I need assistance updating my account details and password.,28,0
TKT00784,I would like more information about pricing and subscription plans.,13,2
TKT00785,I would like more information about pricing and subscription plans.,21,2
TKT00786,I would like more information about pricing and subscription plans. The issue is urgent and needs resolution soon.,8,1
TKT00787,I was charged incorrectly and need clarification on my invoice.,40,2
TKT00788,I would like more information about pricing and subscription plans. The issue is urgent and needs resolution soon.,5,2
TKT00789,The application crashes frequently and shows unexpected errors.,22,3
TKT00790,I was charged incorrectly and need clarification on my invoice. The issue is urgent and needs resolution soon.,31,4
TKT00791,I was charged incorrectly and need clarification on my invoice. The issue is urgent and needs resolution soon.,46,1
TKT00792,I was charged incorrectly and need clarification on my invoice. The issue is urgent and needs resolution soon.,44,2
TKT00793,I need assistance updating my account details and password.,27,0
TKT00794,The application crashes frequently and shows unexpected errors.,35,1
TKT00795,I have suggestions to improve the usability of the product.,42,1
TKT00796,I would like more information about pricing and subscription plans. The issue is urgent and needs resolution soon.,53,0
TKT00797,I have suggestions to improve the usability of the product. The issue is urgent and needs resolution soon.,20,1
TKT00798,I need assistance updating my account details and password. The issue is urgent and needs resolution soon.,33,1
TKT00799,The application crashes frequently and shows unexpected errors.,36,2
TKT00800,I was charged incorrectly and need clarification on my invoice.,34,5
TKT00801,I would like more information about pricing and subscription plans. The issue is urgent and needs resolution soon.,25,3
TKT00802,I have suggestions to improve the usability of the product. The issue is urgent and needs resolution soon.,15,1
TKT00803,I have suggestions to improve the usability of the product. The issue is urgent and needs resolution soon.,48,0
TKT00804,I need assistance updating my account details and password. The issue is urgent and needs resolution soon.,31,0
TKT00805,I have suggestions to improve the usability of the product.,48,1
TKT00806,The application crashes frequently and shows unexpected errors. The issue is urgent and needs resolution soon.,24,1
TKT00807,The application crashes frequently and shows unexpected errors. The issue is urgent and needs resolution soon.,34,6
TKT00808,I would like more information about pricing and subscription plans.,29,2
TKT00809,I need assistance updating my account details and password.,53,4
TKT00810,I have suggestions to improve the usability of the product.,48,1
TKT00811,I need assistance updating my account details and password.,55,2
TKT00812,I would like more information about pricing and subscription plans.,38,5
TKT00813,I would like more information about pricing and subscription plans.,39,4
TKT00814,I need assistance updating my account details and password.,28,4
TKT00815,I need assistance updating my account details and password.,55,3
TKT00816,I would like more information about pricing and subscription plans.,34,1
TKT00817,I was charged incorrectly and need clarification on my invoice.,51,2
TKT00818,The application crashes frequently and shows unexpected errors.,55,0
TKT00819,I have suggestions to improve the usability of the product. The issue is urgent and needs resolution soon.,18,1
TKT00820,I would like more information about pricing and subscription plans.,31,2
TKT00821,I would like more information about pricing and subscription plans. The issue is urgent and needs resolution soon.,30,3
TKT00822,I would like more information about pricing and subscription plans.,59,1
TKT00823,I would like more information about pricing and subscription plans.,15,0
TKT00824,The application crashes frequently and shows unexpected errors. The issue is urgent and needs resolution soon.,47,2
TKT00825,The application crashes frequently and shows unexpected errors.,45,0
TKT00826,I need assistance updating my account details and password. The issue is urgent and needs resolution soon.,57,5
TKT00827,I need assistance updating my account details and password.,45,1
TKT00828,I have suggestions to improve the usability of the product.,35,0
TKT00829,I was charged incorrectly and need clarification on my invoice. The issue is urgent and needs resolution soon.,55,2
TKT00830,The application crashes frequently and shows unexpected errors. The issue is urgent and needs resolution soon.,20,3
TKT00831,I was charged incorrectly and need clarification on my invoice.,28,3
TKT00832,I have suggestions to improve the usability of the product.,38,4
TKT00833,The application crashes frequently and shows unexpected errors. The issue is urgent and needs resolution soon.,37,0
TKT00834,The application crashes frequently and shows unexpected errors.,58,2
TKT00835,I have suggestions to improve the usability of the product.,3,2
TKT00836,I need assistance updating my account details and password.,12,3
TKT00837,The application crashes frequently and shows unexpected errors.,36,4
TKT00838,The application crashes frequently and shows unexpected errors. The issue is urgent and needs resolution soon.,23,1
TKT00839,I need assistance updating my account details and password. The issue is urgent and needs resolution soon.,6,3
TKT00840,The application crashes frequently and shows unexpected errors. The issue is urgent and needs resolution soon.,54,2
TKT00841,I would like more information about pricing and subscription plans. The issue is urgent and needs resolution soon.,37,3
TKT00842,I was charged incorrectly and need clarification on my invoice.,45,0
TKT00843,The application crashes frequently and shows unexpected errors. The issue is urgent and needs resolution soon.,28,1
TKT00844,I have suggestions to improve the usability of the product.,50,1
TKT00845,The application crashes frequently and shows unexpected errors.,3,2
TKT00846,I need assistance updating my account details and password. The issue is urgent and needs resolution soon.,5,3
TKT00847,I was charged incorrectly and need clarification on my invoice.,57,1
TKT00848,I need assistance updating my account details and password. The issue is urgent and needs resolution soon.,7,1
TKT00849,I would like more information about pricing and subscription plans.,37,2
TKT00850,I need assistance updating my account details and password. The issue is urgent and needs resolution soon.,7,5
TKT00851,I need assistance updating my account details and password. The issue is urgent and needs resolution soon.,18,0
TKT00852,I was charged incorrectly and need clarification on my invoice. The issue is urgent and needs resolution soon.,41,5
TKT00853,I need assistance updating my account details and password.,6,3
TKT00854,I would like more information about pricing and subscription plans.,54,2
TKT00855,I need assistance updating my account details and password. The issue is urgent and needs resolution soon.,26,0
TKT00856,I have suggestions to improve the usability of the product.,7,0
TKT00857,I have suggestions to improve the usability of the product.,7,4
TKT00858,I need assistance updating my account details and password.,10,1
TKT00859,I would like more information about pricing and subscription plans. The issue is urgent and needs resolution soon.,14,1
TKT00860,The application crashes frequently and shows unexpected errors. The issue is urgent and needs resolution soon.,27,5
TKT00861,I would like more information about pricing and subscription plans. The issue is urgent and needs resolution soon.,43,2
TKT00862,I would like more information about pricing and subscription plans. The issue is urgent and needs resolution soon.,18,3
TKT00863,I need assistance updating my account details and password.,52,0
TKT00864,I have suggestions to improve the usability of the product.,53,1
TKT00865,The application crashes frequently and shows unexpected errors. The issue is urgent and needs resolution soon.,44,0
TKT00866,I need assistance updating my account details and password. The issue is urgent and needs resolution soon.,41,2
TKT00867,I would like more information about pricing and subscription plans.,16,1
TKT00868,I have suggestions to improve the usability of the product. The issue is urgent and needs resolution soon.,26,2
TKT00869,I have suggestions to improve the usability of the product.,13,6
TKT00870,The application crashes frequently and shows unexpected errors. The issue is urgent and needs resolution soon.,40,3
TKT00871,I have suggestions to improve the usability of the product.,9,3
TKT00872,The application crashes frequently and shows unexpected errors. The issue is urgent and needs resolution soon.,30,2
TKT00873,I was charged incorrectly and need clarification on my invoice.,48,1
TKT00874,I would like more information about pricing and subscription plans. The issue is urgent and needs resolution soon.,11,2
TKT00875,I have suggestions to improve the usability of the product. The issue is urgent and needs resolution soon.,22,5
TKT00876,I was charged incorrectly and need clarification on my invoice.,17,1
TKT00877,I would like more information about pricing and subscription plans. The issue is urgent and needs resolution soon.,8,5
TKT00878,I have suggestions to improve the usability of the product.,6,0
TKT00879,I have suggestions to improve the usability of the product. The issue is urgent and needs resolution soon.,41,1
TKT00880,I would like more information about pricing and subscription plans.,43,0
TKT00881,The application crashes frequently and shows unexpected errors. The issue is urgent and needs resolution soon.,1,1
TKT00882,I was charged incorrectly and need clarification on my invoice. The issue is urgent and needs resolution soon.,7,5
TKT00883,I have suggestions to improve the usability of the product.,40,0
TKT00884,I need assistance updating my account details and password.,23,1
TKT00885,I was charged incorrectly and need clarification on my invoice. The issue is urgent and needs resolution soon.,14,3
TKT00886,I have suggestions to improve the usability of the product. The issue is urgent and needs resolution soon.,48,2
TKT00887,The application crashes frequently and shows unexpected errors. The issue is urgent and needs resolution soon.,26,0
TKT00888,I was charged incorrectly and need clarification on my invoice. The issue is urgent and needs resolution soon.,9,3
TKT00889,I was charged incorrectly and need clarification on my invoice. The issue is urgent and needs resolution soon.,49,2
TKT00890,I would like more information about pricing and subscription plans. The issue is urgent and needs resolution soon.,26,5
TKT00891,I was charged incorrectly and need clarification on my invoice.,13,1
TKT00892,I would like more information about pricing and subscription plans.,59,4
TKT00893,I have suggestions to improve the usability of the product. The issue is urgent and needs resolution soon.,23,1
TKT00894,I need assistance updating my account details and password. The issue is urgent and needs resolution soon.,42,4
TKT00895,I have suggestions to improve the usability of the product.,56,3
TKT00896,I would like more information about pricing and subscription plans. The issue is urgent and needs resolution soon.,24,1
TKT00897,I was charged incorrectly and need clarification on my invoice.,29,1
TKT00898,I was charged incorrectly and need clarification on my invoice. The issue is urgent and needs resolution soon.,53,1
TKT00899,I have suggestions to improve the usability of the product.,46,4
TKT00900,I would like more information about pricing and subscription plans.,20,1
TKT00901,I have suggestions to improve the usability of the product.,13,3
TKT00902,I was charged incorrectly and need clarification on my invoice.,44,2
TKT00903,I have suggestions to improve the usability of the product.,51,0
TKT00904,I have suggestions to improve the usability of the product.,48,6
TKT00905,I was charged incorrectly and need clarification on my invoice. The issue is urgent and needs resolution soon.,50,0
TKT00906,I would like more information about pricing and subscription plans. The issue is urgent and needs resolution soon.,9,0
TKT00907,I have suggestions to improve the usability of the product.,32,1
TKT00908,I would like more information about pricing and subscription plans.,5,1
TKT00909,I would like more information about pricing and subscription plans. The issue is urgent and needs resolution soon.,4,1
TKT00910,I need assistance updating my account details and password.,3,5
TKT00911,The application crashes frequently and shows unexpected errors.,22,0
TKT00912,I was charged incorrectly and need clarification on my invoice.,25,5
TKT00913,I was charged incorrectly and need clarification on my invoice.,54,2
TKT00914,I have suggestions to improve the usability of the product.,25,4
TKT00915,I have suggestions to improve the usability of the product. The issue is urgent and needs resolution soon.,51,4
TKT00916,The application crashes frequently and shows unexpected errors.,53,0
TKT00917,The application crashes frequently and shows unexpected errors. The issue is urgent and needs resolution soon.,59,2
TKT00918,The application crashes frequently and shows unexpected errors. The issue is urgent and needs resolution soon.,17,5
TKT00919,I would like more information about pricing and subscription plans.,53,3
TKT00920,The application crashes frequently and shows unexpected errors.,9,1
TKT00921,The application crashes frequently and shows unexpected errors.,17,0
TKT00922,I need assistance updating my account details and password.,45,3
TKT00923,I was charged incorrectly and need clarification on my invoice. The issue is urgent and needs resolution soon.,59,1
TKT00924,I have suggestions to improve the usability of the product. The issue is urgent and needs resolution soon.,35,4
TKT00925,I need assistance updating my account details and password. The issue is urgent and needs resolution soon.,55,2
TKT00926,I need assistance updating my account details and password. The issue is urgent and needs resolution soon.,14,2
TKT00927,The application crashes frequently and shows unexpected errors.,26,3
TKT00928,The application crashes frequently and shows unexpected errors.,59,1
TKT00929,I was charged incorrectly and need clarification on my invoice. The issue is urgent and needs resolution soon.,41,0
TKT00930,I would like more information about pricing and subscription plans.,57,4
TKT00931,I have suggestions to improve the usability of the product. The issue is urgent and needs resolution soon.,46,4
TKT00932,The application crashes frequently and shows unexpected errors.,28,1
TKT00933,I would like more information about pricing and subscription plans. The issue is urgent and needs resolution soon.,42,1
TKT00934,I need assistance updating my account details and password.,53,0
TKT00935,I would like more information about pricing and subscription plans. The issue is urgent and needs resolution soon.,22,3
TKT00936,I have suggestions to improve the usability of the product. The issue is urgent and needs resolution soon.,27,4
TKT00937,I was charged incorrectly and need clarification on my invoice.,35,1
TKT00938,I have suggestions to improve the usability of the product.,26,6
TKT00939,I have suggestions to improve the usability of the product. The issue is urgent and needs resolution soon.,50,2
TKT00940,I need assistance updating my account details and password.,32,2
TKT00941,I would like more information about pricing and subscription plans.,26,1
TKT00942,I was charged incorrectly and need clarification on my invoice.,51,0
TKT00943,I have suggestions to improve the usability of the product. The issue is urgent and needs resolution soon.,51,3
TKT00944,I need assistance updating my account details and password.,49,1
TKT00945,I was charged incorrectly and need clarification on my invoice. The issue is urgent and needs resolution soon.,55,0
TKT00946,I have suggestions to improve the usability of the product.,42,2
TKT00947,I would like more information about pricing and subscription plans.,57,2
TKT00948,I have suggestions to improve the usability of the product.,25,1
TKT00949,I would like more information about pricing and subscription plans.,2,0
TKT00950,The application crashes frequently and shows unexpected errors.,21,1
TKT00951,I have suggestions to improve the usability of the product.,25,2
TKT00952,I need assistance updating my account details and password.,15,0
TKT00953,I need assistance updating my account details and password. The issue is urgent and needs resolution soon.,48,1
TKT00954,I was charged incorrectly and need clarification on my invoice.,23,6
TKT00955,The application crashes frequently and shows unexpected errors. The issue is urgent and needs resolution soon.,58,2
TKT00956,I need assistance updating my account details and password.,41,2
TKT00957,I was charged incorrectly and need clarification on my invoice.,3,4
TKT00958,I was charged incorrectly and need clarification on my invoice. The issue is urgent and needs resolution soon.,21,4
TKT00959,The application crashes frequently and shows unexpected errors. The issue is urgent and needs resolution soon.,46,0
TKT00960,The application crashes frequently and shows unexpected errors. The issue is urgent and needs resolution soon.,29,0
TKT00961,I was charged incorrectly and need clarification on my invoice.,27,0
TKT00962,I have suggestions to improve the usability of the product.,20,1
TKT00963,The application crashes frequently and shows unexpected errors.,17,1
TKT00964,The application crashes frequently and shows unexpected errors.,50,4
TKT00965,I have suggestions to improve the usability of the product. The issue is urgent and needs resolution soon.,37,4
TKT00966,I would like more information about pricing and subscription plans.,31,1
TKT00967,I was charged incorrectly and need clarification on my invoice.,13,6
TKT00968,I need assistance updating my account details and password.,28,0
TKT00969,The application crashes frequently and shows unexpected errors.,53,1
TKT00970,I was charged incorrectly and need clarification on my invoice.,1,3
TKT00971,I was charged incorrectly and need clarification on my invoice.,44,3
TKT00972,The application crashes frequently and shows unexpected errors.,44,2
TKT00973,I need assistance updating my account details and password.,42,4
TKT00974,I need assistance updating my account details and password.,34,3
TKT00975,I have suggestions to improve the usability of the product.,33,1
TKT00976,I was charged incorrectly and need clarification on my invoice. The issue is urgent and needs resolution soon.,26,3
TKT00977,I would like more information about pricing and subscription plans.,55,2
TKT00978,I would like more information about pricing and subscription plans. The issue is urgent and needs resolution soon.,6,3
TKT00979,I need assistance updating my account details and password.,49,1
TKT00980,The application crashes frequently and shows unexpected errors. The issue is urgent and needs resolution soon.,24,3
TKT00981,I was charged incorrectly and need clarification on my invoice.,4,2
TKT00982,The application crashes frequently and shows unexpected errors.,38,1
TKT00983,I would like more information about pricing and subscription plans.,9,1
TKT00984,I have suggestions to improve the usability of the product. The issue is urgent and needs resolution soon.,56,3
TKT00985,I need assistance updating my account details and password.,53,1
TKT00986,I have suggestions to improve the usability of the product.,18,4
TKT00987,I have suggestions to improve the usability of the product. The issue is urgent and needs resolution soon.,27,3
TKT00988,I would like more information about pricing and subscription plans.,39,1
TKT00989,The application crashes frequently and shows unexpected errors.,27,4
TKT00990,The application crashes frequently and shows unexpected errors.,11,0
TKT00991,I have suggestions to improve the usability of the product. The issue is urgent and needs resolution soon.,1,3
TKT00992,I was charged incorrectly and need clarification on my invoice.,53,3
TKT00993,I need assistance updating my account details and password.,13,2
TKT00994,I need assistance updating my account details and password. The issue is urgent and needs resolution soon.,16,0
TKT00995,I need assistance updating my account details and password. The issue is urgent and needs resolution soon.,54,1
TKT00996,I have suggestions to improve the usability of the product. The issue is urgent and needs resolution soon.,43,1
TKT00997,The application crashes frequently and shows unexpected errors. The issue is urgent and needs resolution soon.,46,1
TKT00998,I was charged incorrectly and need clarification on my invoice. The issue is urgent and needs resolution soon.,11,0
TKT00999,I have suggestions to improve the usability of the product. The issue is urgent and needs resolution soon.,25,2
TKT01000,I need assistance updating my account details and password.,15,3
TKT01001,I was charged incorrectly and need clarification on my invoice.,44,3
TKT01002,I have suggestions to improve the usability of the product.,45,4
TKT01003,The application crashes frequently and shows unexpected errors.,36,3
TKT01004,I was charged incorrectly and need clarification on my invoice. The issue is urgent and needs resolution soon.,34,1
TKT01005,The application crashes frequently and shows unexpected errors. The issue is urgent and needs resolution soon.,13,0
TKT01006,I was charged incorrectly and need clarification on my invoice.,8,4
TKT01007,The application crashes frequently and shows unexpected errors.,2,2
TKT01008,I have suggestions to improve the usability of the product. The issue is urgent and needs resolution soon.,1,3
TKT01009,The application crashes frequently and shows unexpected errors.,38,1
TKT01010,I need assistance updating my account details and password. The issue is urgent and needs resolution soon.,50,2
TKT01011,I would like more information about pricing and subscription plans. The issue is urgent and needs resolution soon.,38,1
TKT01012,The application crashes frequently and shows unexpected errors.,27,1
TKT01013,I was charged incorrectly and need clarification on my invoice. The issue is urgent and needs resolution soon.,2,1
TKT01014,I have suggestions to improve the usability of the product. The issue is urgent and needs resolution soon.,52,3
TKT01015,I need assistance updating my account details and password.,58,3
TKT01016,I was charged incorrectly and need clarification on my invoice.,28,2
TKT01017,The application crashes frequently and shows unexpected errors. The issue is urgent and needs resolution soon.,17,1
TKT01018,I would like more information about pricing and subscription plans.,10,3
TKT01019,I have suggestions to improve the usability of the product. The issue is urgent and needs resolution soon.,46,1
TKT01020,I have suggestions to improve the usability of the product.,40,1
TKT01021,I need assistance updating my account details and password.,29,2
TKT01022,I need assistance updating my account details and password.,47,1
TKT01023,I need assistance updating my account details and password.,1,3
TKT01024,I have suggestions to improve the usability of the product. The issue is urgent and needs resolution soon.,23,3
TKT01025,I need assistance updating my account details and password.,26,5
TKT01026,I would like more information about pricing and subscription plans.,31,3
TKT01027,I have suggestions to improve the usability of the product.,22,1
TKT01028,I need assistance updating my account details and password. The issue is urgent and needs resolution soon.,18,2
TKT01029,I have suggestions to improve the usability of the product. The issue is urgent and needs resolution soon.,34,4
TKT01030,I was charged incorrectly and need clarification on my invoice.,2,2
TKT01031,I need assistance updating my account details and password.,25,2
TKT01032,I need assistance updating my account details and password.,4,1
TKT01033,I have suggestions to improve the usability of the product.,16,0
TKT01034,I have suggestions to improve the usability of the product.,36,0
TKT01035,I was charged incorrectly and need clarification on my invoice.,25,2
TKT01036,I would like more information about pricing and subscription plans. The issue is urgent and needs resolution soon.,27,0
TKT01037,I was charged incorrectly and need clarification on my invoice.,17,3
TKT01038,I need assistance updating my account details and password. The issue is urgent and needs resolution soon.,32,2
TKT01039,The application crashes frequently and shows unexpected errors.,38,1
TKT01040,I need assistance updating my account details and password. The issue is urgent and needs resolution soon.,15,1
TKT01041,I would like more information about pricing and subscription plans.,10,2
TKT01042,I would like more information about pricing and subscription plans.,45,4
TKT01043,I was charged incorrectly and need clarification on my invoice. The issue is urgent and needs resolution soon.,3,4
TKT01044,I need assistance updating my account details and password.,20,0
TKT01045,I have suggestions to improve the usability of the product.,23,3
TKT01046,I was charged incorrectly and need clarification on my invoice.,57,4
TKT01047,I need assistance updating my account details and password. The issue is urgent and needs resolution soon.,28,2
TKT01048,I have suggestions to improve the usability of the product. The issue is urgent and needs resolution soon.,39,4
TKT01049,I was charged incorrectly and need clarification on my invoice. The issue is urgent and needs resolution soon.,18,4
TKT01050,The application crashes frequently and shows unexpected errors.,25,0
TKT01051,I was charged incorrectly and need clarification on my invoice.,7,2
TKT01052,I would like more information about pricing and subscription plans.,11,0
TKT01053,I need assistance updating my account details and password.,39,2
TKT01054,The application crashes frequently and shows unexpected errors.,59,1
TKT01055,I was charged incorrectly and need clarification on my invoice.,56,2
TKT01056,I would like more information about pricing and subscription plans. The issue is urgent and needs resolution soon.,47,0
TKT01057,I would like more information about pricing and subscription plans. The issue is urgent and needs resolution soon.,9,1
TKT01058,The application crashes frequently and shows unexpected errors. The issue is urgent and needs resolution soon.,5,4
TKT01059,I would like more information about pricing and subscription plans.,45,1
TKT01060,I have suggestions to improve the usability of the product.,51,0
TKT01061,I need assistance updating my account details and password.,46,3
TKT01062,I need assistance updating my account details and password. The issue is urgent and needs resolution soon.,1,2
TKT01063,The application crashes frequently and shows unexpected errors.,52,4
TKT01064,I have suggestions to improve the usability of the product.,20,1
TKT01065,The application crashes frequently and shows unexpected errors.,9,0
TKT01066,The application crashes frequently and shows unexpected errors.,41,1
TKT01067,I would like more information about pricing and subscription plans. The issue is urgent and needs resolution soon.,27,2
TKT01068,I need assistance updating my account details and password.,40,2
TKT01069,I would like more information about pricing and subscription plans.,24,2
TKT01070,I was charged incorrectly and need clarification on my invoice. The issue is urgent and needs resolution soon.,57,0
TKT01071,The application crashes frequently and shows unexpected errors.,31,1
TKT01072,I have suggestions to improve the usability of the product.,24,5
TKT01073,The application crashes frequently and shows unexpected errors.,32,2
TKT01074,I would like more information about pricing and subscription plans. The issue is urgent and needs resolution soon.,27,4
TKT01075,I was charged incorrectly and need clarification on my invoice.,20,3
TKT01076,I was charged incorrectly and need clarification on my invoice.,14,1
TKT01077,I need assistance updating my account details and password. The issue is urgent and needs resolution soon.,12,2
TKT01078,I have suggestions to improve the usability of the product. The issue is urgent and needs resolution soon.,24,1
TKT01079,I need assistance updating my account details and password.,41,2
TKT01080,I was charged incorrectly and need clarification on my invoice. The issue is urgent and needs resolution soon.,49,3
TKT01081,I have suggestions to improve the usability of the product.,49,3
TKT01082,I need assistance updating my account details and password. The issue is urgent and needs resolution soon.,12,1
TKT01083,The application crashes frequently and shows unexpected errors. The issue is urgent and needs resolution soon.,37,2
TKT01084,I need assistance updating my account details and password.,34,3
TKT01085,I have suggestions to improve the usability of the product. The issue is urgent and needs resolution soon.,38,3
TKT01086,I have suggestions to improve the usability of the product.,27,3
TKT01087,I would like more information about pricing and subscription plans.,1,3
TKT01088,The application crashes frequently and shows unexpected errors.,43,2
TKT01089,The application crashes frequently and shows unexpected errors.,56,2
TKT01090,I need assistance updating my account details and password. The issue is urgent and needs resolution soon.,47,3
TKT01091,The application crashes frequently and shows unexpected errors.,45,1
TKT01092,I need assistance updating my account details and password. The issue is urgent and needs resolution soon.,28,4
TKT01093,The application crashes frequently and shows unexpected errors.,50,1
TKT01094,The application crashes frequently and shows unexpected errors.,50,1
TKT01095,The application crashes frequently and shows unexpected errors.,45,3
TKT01096,I need assistance updating my account details and password.,53,2
TKT01097,I was charged incorrectly and need clarification on my invoice.,1,3
TKT01098,I need assistance updating my account details and password. The issue is urgent and needs resolution soon.,17,2
TKT01099,I need assistance updating my account details and password. The issue is urgent and needs resolution soon.,42,2
TKT01100,I need assistance updating my account details and password. The issue is urgent and needs resolution soon.,33,1
TKT01101,I have suggestions to improve the usability of the product. The issue is urgent and needs resolution soon.,39,2
TKT01102,The application crashes frequently and shows unexpected errors. The issue is urgent and needs resolution soon.,7,1
TKT01103,I would like more information about pricing and subscription plans.,21,2
TKT01104,I would like more information about pricing and subscription plans.,30,0
TKT01105,I was charged incorrectly and need clarification on my invoice.,37,2
TKT01106,The application crashes frequently and shows unexpected errors.,28,3
TKT01107,I have suggestions to improve the usability of the product.,54,3
TKT01108,The application crashes frequently and shows unexpected errors.,2,3
TKT01109,The application crashes frequently and shows unexpected errors. The issue is urgent and needs resolution soon.,58,1
TKT01110,The application crashes frequently and shows unexpected errors. The issue is urgent and needs resolution soon.,21,5
TKT01111,I would like more information about pricing and subscription plans.,39,3
TKT01112,I need assistance updating my account details and password.,2,2
TKT01113,I have suggestions to improve the usability of the product.,38,1
TKT01114,I need assistance updating my account details and password.,40,1
TKT01115,I was charged incorrectly and need clarification on my invoice.,19,6
TKT01116,I would like more information about pricing and subscription plans.,37,0
TKT01117,I would like more information about pricing and subscription plans.,2,0
TKT01118,I was charged incorrectly and need clarification on my invoice.,31,3
TKT01119,I need assistance updating my account details and password.,45,1
TKT01120,The application crashes frequently and shows unexpected errors. The issue is urgent and needs resolution soon.,1,1
TKT01121,I was charged incorrectly and need clarification on my invoice. The issue is urgent and needs resolution soon.,24,2
TKT01122,I have suggestions to improve the usability of the product.,45,3
TKT01123,The application crashes frequently and shows unexpected errors. The issue is urgent and needs resolution soon.,51,2
TKT01124,I need assistance updating my account details and password.,13,2
TKT01125,The application crashes frequently and shows unexpected errors.,28,3
TKT01126,I have suggestions to improve the usability of the product. The issue is urgent and needs resolution soon.,43,2
TKT01127,I have suggestions to improve the usability of the product.,43,0
TKT01128,I would like more information about pricing and subscription plans. The issue is urgent and needs resolution soon.,13,1
TKT01129,I was charged incorrectly and need clarification on my invoice. The issue is urgent and needs resolution soon.,34,4
TKT01130,The application crashes frequently and shows unexpected errors.,10,2
TKT01131,I have suggestions to improve the usability of the product.,8,0
TKT01132,I was charged incorrectly and need clarification on my invoice. The issue is urgent and needs resolution soon.,1,2
TKT01133,I need assistance updating my account details and password. The issue is urgent and needs resolution soon.,28,2
TKT01134,I need assistance updating my account details and password.,29,0
TKT01135,The application crashes frequently and shows unexpected errors.,12,2
TKT01136,I was charged incorrectly and need clarification on my invoice.,26,0
TKT01137,The application crashes frequently and shows unexpected errors. The issue is urgent and needs resolution soon.,11,1
TKT01138,I need assistance updating my account details and password. The issue is urgent and needs resolution soon.,47,4
TKT01139,I have suggestions to improve the usability of the product.,49,4
TKT01140,I need assistance updating my account details and password. The issue is urgent and needs resolution soon.,27,2
TKT01141,I have suggestions to improve the usability of the product.,14,1
TKT01142,I would like more information about pricing and subscription plans.,43,0
TKT01143,I need assistance updating my account details and password. The issue is urgent and needs resolution soon.,10,1
TKT01144,I need assistance updating my account details and password.,46,5
TKT01145,I was charged incorrectly and need clarification on my invoice.,29,3
TKT01146,I was charged incorrectly and need clarification on my invoice.,40,3
TKT01147,I have suggestions to improve the usability of the product.,39,1
TKT01148,The application crashes frequently and shows unexpected errors.,46,2
TKT01149,I have suggestions to improve the usability of the product. The issue is urgent and needs resolution soon.,57,3
TKT01150,The application crashes frequently and shows unexpected errors.,31,1
TKT01151,The application crashes frequently and shows unexpected errors.,6,0
TKT01152,I was charged incorrectly and need clarification on my invoice.,59,1
TKT01153,I was charged incorrectly and need clarification on my invoice. The issue is urgent and needs resolution soon.,27,1
TKT01154,The application crashes frequently and shows unexpected errors.,37,5
TKT01155,I would like more information about pricing and subscription plans.,47,1
TKT01156,I was charged incorrectly and need clarification on my invoice.,17,1
TKT01157,I have suggestions to improve the usability of the product.,49,2
TKT01158,I have suggestions to improve the usability of the product. The issue is urgent and needs resolution soon.,17,1
TKT01159,I would like more information about pricing and subscription plans. The issue is urgent and needs resolution soon.,59,2
TKT01160,The application crashes frequently and shows unexpected errors.,6,1
TKT01161,The application crashes frequently and shows unexpected errors.,59,3
TKT01162,I need assistance updating my account details and password. The issue is urgent and needs resolution soon.,35,2
TKT01163,I need assistance updating my account details and password. The issue is urgent and needs resolution soon.,47,1
TKT01164,I need assistance updating my account details and password.,59,2
TKT01165,I have suggestions to improve the usability of the product. The issue is urgent and needs resolution soon.,41,3
TKT01166,I have suggestions to improve the usability of the product. The issue is urgent and needs resolution soon.,25,3
TKT01167,I need assistance updating my account details and password.,53,2
TKT01168,I need assistance updating my account details and password. The issue is urgent and needs resolution soon.,39,4
TKT01169,I would like more information about pricing and subscription plans.,49,2
TKT01170,I was charged incorrectly and need clarification on my invoice.,3,4
TKT01171,I have suggestions to improve the usability of the product. The issue is urgent and needs resolution soon.,31,2
TKT01172,The application crashes frequently and shows unexpected errors. The issue is urgent and needs resolution soon.,7,4
TKT01173,I would like more information about pricing and subscription plans. The issue is urgent and needs resolution soon.,56,2
TKT01174,I was charged incorrectly and need clarification on my invoice. The issue is urgent and needs resolution soon.,43,4
TKT01175,I was charged incorrectly and need clarification on my invoice.,7,5
TKT01176,I have suggestions to improve the usability of the product.,40,1
TKT01177,I have suggestions to improve the usability of the product. The issue is urgent and needs resolution soon.,12,1
TKT01178,I have suggestions to improve the usability of the product.,10,2
TKT01179,I need assistance updating my account details and password.,18,2
TKT01180,The application crashes frequently and shows unexpected errors.,43,1
TKT01181,I would like more information about pricing and subscription plans.,50,5
TKT01182,I have suggestions to improve the usability of the product.,38,2
TKT01183,I would like more information about pricing and subscription plans.,9,1
TKT01184,The application crashes frequently and shows unexpected errors.,14,2
TKT01185,The application crashes frequently and shows unexpected errors.,14,5
TKT01186,I would like more information about pricing and subscription plans. The issue is urgent and needs resolution soon.,27,3
TKT01187,I have suggestions to improve the usability of the product.,9,4
TKT01188,I need assistance updating my account details and password.,54,1
TKT01189,I would like more information about pricing and subscription plans. The issue is urgent and needs resolution soon.,51,3
TKT01190,The application crashes frequently and shows unexpected errors.,51,2
TKT01191,I need assistance updating my account details and password.,58,2
TKT01192,I was charged incorrectly and need clarification on my invoice. The issue is urgent and needs resolution soon.,45,0
TKT01193,I need assistance updating my account details and password. The issue is urgent and needs resolution soon.,54,2
TKT01194,I was charged incorrectly and need clarification on my invoice.,24,2
TKT01195,I was charged incorrectly and need clarification on my invoice.,17,0
TKT01196,I have suggestions to improve the usability of the product.,39,3
TKT01197,I need assistance updating my account details and password.,27,0
TKT01198,The application crashes frequently and shows unexpected errors.,3,3
TKT01199,I would like more information about pricing and subscription plans.,31,2
TKT01200,I have suggestions to improve the usability of the product.,20,6
TKT01201,The application crashes frequently and shows unexpected errors. The issue is urgent and needs resolution soon.,41,3
TKT01202,I have suggestions to improve the usability of the product. The issue is urgent and needs resolution soon.,9,2
TKT01203,I have suggestions to improve the usability of the product.,41,2
TKT01204,I need assistance updating my account details and password.,13,0
TKT01205,I need assistance updating my account details and password.,7,5
TKT01206,I was charged incorrectly and need clarification on my invoice.,22,0
TKT01207,The application crashes frequently and shows unexpected errors. The issue is urgent and needs resolution soon.,47,1
TKT01208,I need assistance updating my account details and password. The issue is urgent and needs resolution soon.,47,1
TKT01209,I would like more information about pricing and subscription plans.,31,5
TKT01210,The application crashes frequently and shows unexpected errors.,16,3
TKT01211,I was charged incorrectly and need clarification on my invoice.,1,4
TKT01212,I need assistance updating my account details and password.,59,2
TKT01213,I would like more information about pricing and subscription plans.,19,2
TKT01214,I need assistance updating my account details and password.,6,0
TKT01215,The application crashes frequently and shows unexpected errors.,58,0
TKT01216,I need assistance updating my account details and password.,47,1
TKT01217,I need assistance updating my account details and password. The issue is urgent and needs resolution soon.,28,3
TKT01218,I have suggestions to improve the usability of the product. The issue is urgent and needs resolution soon.,20,2
TKT01219,I need assistance updating my account details and password. The issue is urgent and needs resolution soon.,51,5
TKT01220,I was charged incorrectly and need clarification on my invoice.,18,0
TKT01221,I have suggestions to improve the usability of the product.,30,2
TKT01222,The application crashes frequently and shows unexpected errors. The issue is urgent and needs resolution soon.,4,4
TKT01223,I need assistance updating my account details and password. The issue is urgent and needs resolution soon.,15,1
TKT01224,I was charged incorrectly and need clarification on my invoice.,27,0
TKT01225,I need assistance updating my account details and password. The issue is urgent and needs resolution soon.,24,3
TKT01226,I would like more information about pricing and subscription plans. The issue is urgent and needs resolution soon.,4,2
TKT01227,I have suggestions to improve the usability of the product. The issue is urgent and needs resolution soon.,15,3
TKT01228,I have suggestions to improve the usability of the product. The issue is urgent and needs resolution soon.,23,2
TKT01229,I have suggestions to improve the usability of the product.,18,3
TKT01230,I was charged incorrectly and need clarification on my invoice.,16,3
TKT01231,I would like more information about pricing and subscription plans.,21,4
TKT01232,I would like more information about pricing and subscription plans.,7,4
TKT01233,I was charged incorrectly and need clarification on my invoice. The issue is urgent and needs resolution soon.,45,5
TKT01234,I need assistance updating my account details and password. The issue is urgent and needs resolution soon.,17,1
TKT01235,I would like more information about pricing and subscription plans.,54,0
TKT01236,I would like more information about pricing and subscription plans. The issue is urgent and needs resolution soon.,41,4
TKT01237,I would like more information about pricing and subscription plans. The issue is urgent and needs resolution soon.,50,2
TKT01238,I would like more information about pricing and subscription plans.,31,2
TKT01239,The application crashes frequently and shows unexpected errors. The issue is urgent and needs resolution soon.,5,3
TKT01240,I need assistance updating my account details and password.,56,1
TKT01241,I need assistance updating my account details and password.,39,3
TKT01242,I have suggestions to improve the usability of the product.,54,3
TKT01243,I would like more information about pricing and subscription plans.,33,1
TKT01244,I need assistance updating my account details and password.,21,0
TKT01245,I was charged incorrectly and need clarification on my invoice.,41,0
TKT01246,I would like more information about pricing and subscription plans.,39,0
TKT01247,I need assistance updating my account details and password.,49,1
TKT01248,I would like more information about pricing and subscription plans. The issue is urgent and needs resolution soon.,48,1
TKT01249,The application crashes frequently and shows unexpected errors. The issue is urgent and needs resolution soon.,49,2
TKT01250,I was charged incorrectly and need clarification on my invoice. The issue is urgent and needs resolution soon.,36,1
TKT01251,The application crashes frequently and shows unexpected errors.,47,0
TKT01252,I need assistance updating my account details and password. The issue is urgent and needs resolution soon.,29,2
TKT01253,I have suggestions to improve the usability of the product.,14,2
TKT01254,The application crashes frequently and shows unexpected errors.,37,3
TKT01255,The application crashes frequently and shows unexpected errors.,21,1
TKT01256,The application crashes frequently and shows unexpected errors. The issue is urgent and needs resolution soon.,1,1
TKT01257,I was charged incorrectly and need clarification on my invoice. The issue is urgent and needs resolution soon.,9,1
TKT01258,The application crashes frequently and shows unexpected errors. The issue is urgent and needs resolution soon.,57,1
TKT01259,The application crashes frequently and shows unexpected errors. The issue is urgent and needs resolution soon.,17,2
TKT01260,The application crashes frequently and shows unexpected errors.,24,3
TKT01261,I would like more information about pricing and subscription plans.,25,3
TKT01262,I have suggestions to improve the usability of the product.,5,6
TKT01263,I was charged incorrectly and need clarification on my invoice.,40,2
TKT01264,I need assistance updating my account details and password.,49,2
TKT01265,The application crashes frequently and shows unexpected errors.,31,0
TKT01266,I would like more information about pricing and subscription plans.,50,1
TKT01267,I would like more information about pricing and subscription plans. The issue is urgent and needs resolution soon.,32,3
TKT01268,I need assistance updating my account details and password.,58,0
TKT01269,I need assistance updating my account details and password.,2,1
TKT01270,I was charged incorrectly and need clarification on my invoice.,40,0
TKT01271,I have suggestions to improve the usability of the product.,24,3
TKT01272,I have suggestions to improve the usability of the product.,20,2
TKT01273,I have suggestions to improve the usability of the product.,28,4
TKT01274,I have suggestions to improve the usability of the product.,50,2
TKT01275,I have suggestions to improve the usability of the product.,8,4
TKT01276,I have suggestions to improve the usability of the product. The issue is urgent and needs resolution soon.,54,3
TKT01277,I have suggestions to improve the usability of the product. The issue is urgent and needs resolution soon.,18,2
TKT01278,I was charged incorrectly and need clarification on my invoice.,40,4
TKT01279,I have suggestions to improve the usability of the product.,45,2
TKT01280,I need assistance updating my account details and password.,16,0
TKT01281,I have suggestions to improve the usability of the product.,34,2
TKT01282,I have suggestions to improve the usability of the product. The issue is urgent and needs resolution soon.,3,6
TKT01283,I need assistance updating my account details and password. The issue is urgent and needs resolution soon.,15,2
TKT01284,I need assistance updating my account details and password.,7,5
TKT01285,I would like more information about pricing and subscription plans. The issue is urgent and needs resolution soon.,15,0
TKT01286,I have suggestions to improve the usability of the product.,17,0
TKT01287,I need assistance updating my account details and password. The issue is urgent and needs resolution soon.,44,2
TKT01288,I have suggestions to improve the usability of the product. The issue is urgent and needs resolution soon.,34,2
TKT01289,I need assistance updating my account details and password.,35,2
TKT01290,I need assistance updating my account details and password. The issue is urgent and needs resolution soon.,55,0
TKT01291,I need assistance updating my account details and password.,10,3
TKT01292,I was charged incorrectly and need clarification on my invoice. The issue is urgent and needs resolution soon.,51,1
TKT01293,I have suggestions to improve the usability of the product.,58,0
TKT01294,I have suggestions to improve the usability of the product.,13,3
TKT01295,I have suggestions to improve the usability of the product.,37,3
TKT01296,I have suggestions to improve the usability of the product. The issue is urgent and needs resolution soon.,8,4
TKT01297,The application crashes frequently and shows unexpected errors.,24,1
TKT01298,I need assistance updating my account details and password.,13,2
TKT01299,I have suggestions to improve the usability of the product. The issue is urgent and needs resolution soon.,33,3
TKT01300,I have suggestions to improve the usability of the product.,15,1
TKT01301,I would like more information about pricing and subscription plans.,31,3
TKT01302,I need assistance updating my account details and password.,1,2
TKT01303,I would like more information about pricing and subscription plans. The issue is urgent and needs resolution soon.,19,4
TKT01304,I was charged incorrectly and need clarification on my invoice. The issue is urgent and needs resolution soon.,18,4
TKT01305,The application crashes frequently and shows unexpected errors. The issue is urgent and needs resolution soon.,48,1
TKT01306,I have suggestions to improve the usability of the product. The issue is urgent and needs resolution soon.,55,2
TKT01307,I need assistance updating my account details and password. The issue is urgent and needs resolution soon.,45,1
TKT01308,The application crashes frequently and shows unexpected errors. The issue is urgent and needs resolution soon.,49,3
TKT01309,I was charged incorrectly and need clarification on my invoice. The issue is urgent and needs resolution soon.,53,1
TKT01310,I was charged incorrectly and need clarification on my invoice. The issue is urgent and needs resolution soon.,58,2
TKT01311,I would like more information about pricing and subscription plans.,6,1
TKT01312,I need assistance updating my account details and password.,21,3
TKT01313,I was charged incorrectly and need clarification on my invoice. The issue is urgent and needs resolution soon.,4,4
TKT01314,I was charged incorrectly and need clarification on my invoice.,13,2
TKT01315,I was charged incorrectly and need clarification on my invoice.,35,2
TKT01316,I would like more information about pricing and subscription plans. The issue is urgent and needs resolution soon.,41,1
TKT01317,I would like more information about pricing and subscription plans.,21,0
TKT01318,I need assistance updating my account details and password.,2,3
TKT01319,I need assistance updating my account details and password.,59,5
TKT01320,The application crashes frequently and shows unexpected errors.,46,1
TKT01321,I would like more information about pricing and subscription plans.,1,2
TKT01322,I was charged incorrectly and need clarification on my invoice.,52,2
TKT01323,The application crashes frequently and shows unexpected errors. The issue is urgent and needs resolution soon.,13,1
TKT01324,I have suggestions to improve the usability of the product.,5,5
TKT01325,I was charged incorrectly and need clarification on my invoice.,17,2
TKT01326,I have suggestions to improve the usability of the product.,26,2
TKT01327,I have suggestions to improve the usability of the product. The issue is urgent and needs resolution soon.,34,4
TKT01328,The application crashes frequently and shows unexpected errors. The issue is urgent and needs resolution soon.,37,0
TKT01329,The application crashes frequently and shows unexpected errors.,2,1
TKT01330,I have suggestions to improve the usability of the product. The issue is urgent and needs resolution soon.,22,1
TKT01331,I would like more information about pricing and subscription plans.,4,2
TKT01332,The application crashes frequently and shows unexpected errors.,16,5
TKT01333,The application crashes frequently and shows unexpected errors.,7,3
TKT01334,I would like more information about pricing and subscription plans. The issue is urgent and needs resolution soon.,34,2
TKT01335,I would like more information about pricing and subscription plans.,3,3
TKT01336,The application crashes frequently and shows unexpected errors. The issue is urgent and needs resolution soon.,18,2
TKT01337,I have suggestions to improve the usability of the product.,9,2
TKT01338,I was charged incorrectly and need clarification on my invoice.,7,2
TKT01339,I have suggestions to improve the usability of the product. The issue is urgent and needs resolution soon.,31,3
TKT01340,I was charged incorrectly and need clarification on my invoice. The issue is urgent and needs resolution soon.,9,1
TKT01341,I was charged incorrectly and need clarification on my invoice.,58,1
TKT01342,I would like more information about pricing and subscription plans.,9,4
TKT01343,I would like more information about pricing and subscription plans.,30,2
TKT01344,I need assistance updating my account details and password. The issue is urgent and needs resolution soon.,40,0
TKT01345,I have suggestions to improve the usability of the product. The issue is urgent and needs resolution soon.,30,1
TKT01346,I have suggestions to improve the usability of the product.,2,2
TKT01347,I have suggestions to improve the usability of the product.,18,5
TKT01348,The application crashes frequently and shows unexpected errors.,55,4
TKT01349,I have suggestions to improve the usability of the product.,24,3
TKT01350,I would like more information about pricing and subscription plans. The issue is urgent and needs resolution soon.,46,1
TKT01351,The application crashes frequently and shows unexpected errors.,25,1
TKT01352,I need assistance updating my account details and password.,42,0
TKT01353,I have suggestions to improve the usability of the product.,13,1
TKT01354,I was charged incorrectly and need clarification on my invoice.,39,3
TKT01355,I have suggestions to improve the usability of the product. The issue is urgent and needs resolution soon.,6,2
TKT01356,I need assistance updating my account details and password. The issue is urgent and needs resolution soon.,34,3
TKT01357,I would like more information about pricing and subscription plans.,27,1
TKT01358,The application crashes frequently and shows unexpected errors.,35,1
TKT01359,The application crashes frequently and shows unexpected errors. The issue is urgent and needs resolution soon.,31,1
TKT01360,The application crashes frequently and shows unexpected errors.,24,2
TKT01361,The application crashes frequently and shows unexpected errors. The issue is urgent and needs resolution soon.,17,1
TKT01362,I was charged incorrectly and need clarification on my invoice.,46,3
TKT01363,I would like more information about pricing and subscription plans.,57,2
TKT01364,I would like more information about pricing and subscription plans.,21,2
TKT01365,I would like more information about pricing and subscription plans.,48,1
TKT01366,I was charged incorrectly and need clarification on my invoice.,38,2
TKT01367,I would like more information about pricing and subscription plans.,10,1
TKT01368,The application crashes frequently and shows unexpected errors.,7,1
TKT01369,I would like more information about pricing and subscription plans.,37,0
TKT01370,I would like more information about pricing and subscription plans. The issue is urgent and needs resolution soon.,59,3
TKT01371,I have suggestions to improve the usability of the product.,51,2
TKT01372,I would like more information about pricing and subscription plans.,21,1
TKT01373,The application crashes frequently and shows unexpected errors. The issue is urgent and needs resolution soon.,30,4
TKT01374,I need assistance updating my account details and password.,49,3
TKT01375,I was charged incorrectly and need clarification on my invoice. The issue is urgent and needs resolution soon.,49,2
TKT01376,I have suggestions to improve the usability of the product.,1,1
TKT01377,The application crashes frequently and shows unexpected errors.,32,1
TKT01378,I was charged incorrectly and need clarification on my invoice.,52,1
TKT01379,The application crashes frequently and shows unexpected errors.,54,1
TKT01380,I would like more information about pricing and subscription plans.,42,3
TKT01381,I was charged incorrectly and need clarification on my invoice.,52,4
TKT01382,I have suggestions to improve the usability of the product. The issue is urgent and needs resolution soon.,1,5
TKT01383,I need assistance updating my account details and password.,42,1
TKT01384,I have suggestions to improve the usability of the product. The issue is urgent and needs resolution soon.,38,1
TKT01385,I have suggestions to improve the usability of the product.,36,3
TKT01386,I need assistance updating my account details and password.,40,3
TKT01387,I would like more information about pricing and subscription plans. The issue is urgent and needs resolution soon.,31,1
TKT01388,I need assistance updating my account details and password.,19,0
TKT01389,I have suggestions to improve the usability of the product.,49,3
TKT01390,The application crashes frequently and shows unexpected errors. The issue is urgent and needs resolution soon.,34,2
TKT01391,I need assistance updating my account details and password.,30,2
TKT01392,I need assistance updating my account details and password.,57,3
TKT01393,I need assistance updating my account details and password.,59,3
TKT01394,The application crashes frequently and shows unexpected errors. The issue is urgent and needs resolution soon.,21,3
TKT01395,I would like more information about pricing and subscription plans.,23,2
TKT01396,I need assistance updating my account details and password. The issue is urgent and needs resolution soon.,57,2
TKT01397,I need assistance updating my account details and password.,39,0
TKT01398,I was charged incorrectly and need clarification on my invoice.,59,4
TKT01399,I would like more information about pricing and subscription plans. The issue is urgent and needs resolution soon.,15,0
TKT01400,I need assistance updating my account details and password.,56,2
TKT01401,I have suggestions to improve the usability of the product. The issue is urgent and needs resolution soon.,23,1
TKT01402,I was charged incorrectly and need clarification on my invoice.,10,2
TKT01403,I would like more information about pricing and subscription plans.,30,1
TKT01404,I have suggestions to improve the usability of the product.,44,5
TKT01405,I was charged incorrectly and need clarification on my invoice.,4,2
TKT01406,I need assistance updating my account details and password.,55,1
TKT01407,I was charged incorrectly and need clarification on my invoice.,27,2
TKT01408,The application crashes frequently and shows unexpected errors.,12,1
TKT01409,I would like more information about pricing and subscription plans. The issue is urgent and needs resolution soon.,56,1
TKT01410,I need assistance updating my account details and password.,21,1
TKT01411,I was charged incorrectly and need clarification on my invoice. The issue is urgent and needs resolution soon.,37,1
TKT01412,I need assistance updating my account details and password.,42,2
TKT01413,I was charged incorrectly and need clarification on my invoice. The issue is urgent and needs resolution soon.,2,1
TKT01414,I need assistance updating my account details and password.,37,5
TKT01415,I would like more information about pricing and subscription plans.,35,2
TKT01416,The application crashes frequently and shows unexpected errors. The issue is urgent and needs resolution soon.,56,0
TKT01417,I was charged incorrectly and need clarification on my invoice. The issue is urgent and needs resolution soon.,37,3
TKT01418,I would like more information about pricing and subscription plans. The issue is urgent and needs resolution soon.,30,4
TKT01419,The application crashes frequently and shows unexpected errors.,1,2
TKT01420,I need assistance updating my account details and password.,3,2
TKT01421,I need assistance updating my account details and password. The issue is urgent and needs resolution soon.,24,1
TKT01422,I need assistance updating my account details and password. The issue is urgent and needs resolution soon.,29,3
TKT01423,I have suggestions to improve the usability of the product.,5,1
TKT01424,I have suggestions to improve the usability of the product.,51,2
TKT01425,The application crashes frequently and shows unexpected errors.,10,1
TKT01426,The application crashes frequently and shows unexpected errors. The issue is urgent and needs resolution soon.,27,3
TKT01427,I need assistance updating my account details and password. The issue is urgent and needs resolution soon.,52,2
TKT01428,I have suggestions to improve the usability of the product. The issue is urgent and needs resolution soon.,24,1
TKT01429,I need assistance updating my account details and password.,39,0
TKT01430,I was charged incorrectly and need clarification on my invoice. The issue is urgent and needs resolution soon.,7,2
TKT01431,I was charged incorrectly and need clarification on my invoice. The issue is urgent and needs resolution soon.,21,2
TKT01432,I would like more information about pricing and subscription plans.,16,2
TKT01433,I was charged incorrectly and need clarification on my invoice.,29,2
TKT01434,I would like more information about pricing and subscription plans.,46,1
TKT01435,I have suggestions to improve the usability of the product.,50,1
TKT01436,I have suggestions to improve the usability of the product. The issue is urgent and needs resolution soon.,42,4
TKT01437,I have suggestions to improve the usability of the product. The issue is urgent and needs resolution soon.,32,1
TKT01438,I need assistance updating my account details and password.,5,2
TKT01439,The application crashes frequently and shows unexpected errors. The issue is urgent and needs resolution soon.,5,2
TKT01440,I need assistance updating my account details and password.,30,3
TKT01441,The application crashes frequently and shows unexpected errors. The issue is urgent and needs resolution soon.,58,1
TKT01442,The application crashes frequently and shows unexpected errors.,5,4
TKT01443,I have suggestions to improve the usability of the product. The issue is urgent and needs resolution soon.,45,0
TKT01444,I was charged incorrectly and need clarification on my invoice.,34,3
TKT01445,I would like more information about pricing and subscription plans.,40,2
TKT01446,I would like more information about pricing and subscription plans. The issue is urgent and needs resolution soon.,34,1
TKT01447,I need assistance updating my account details and password. The issue is urgent and needs resolution soon.,52,4
TKT01448,I have suggestions to improve the usability of the product.,46,5
TKT01449,I have suggestions to improve the usability of the product.,8,2
TKT01450,I have suggestions to improve the usability of the product. The issue is urgent and needs resolution soon.,25,1
TKT01451,I have suggestions to improve the usability of the product. The issue is urgent and needs resolution soon.,15,2
TKT01452,I need assistance updating my account details and password.,12,5
TKT01453,I have suggestions to improve the usability of the product. The issue is urgent and needs resolution soon.,35,0
TKT01454,The application crashes frequently and shows unexpected errors.,33,3
TKT01455,The application crashes frequently and shows unexpected errors. The issue is urgent and needs resolution soon.,35,4
TKT01456,The application crashes frequently and shows unexpected errors. The issue is urgent and needs resolution soon.,51,0
TKT01457,I have suggestions to improve the usability of the product.,35,0
TKT01458,I was charged incorrectly and need clarification on my invoice. The issue is urgent and needs resolution soon.,6,2
TKT01459,I have suggestions to improve the usability of the product.,9,3
TKT01460,I was charged incorrectly and need clarification on my invoice.,11,3
TKT01461,I need assistance updating my account details and password.,49,5
TKT01462,I was charged incorrectly and need clarification on my invoice.,11,0
TKT01463,I have suggestions to improve the usability of the product.,5,0
TKT01464,I was charged incorrectly and need clarification on my invoice.,24,1
TKT01465,I was charged incorrectly and need clarification on my invoice.,42,1
TKT01466,I was charged incorrectly and need clarification on my invoice.,3,2
TKT01467,I would like more information about pricing and subscription plans.,16,5
TKT01468,I was charged incorrectly and need clarification on my invoice. The issue is urgent and needs resolution soon.,10,2
TKT01469,I have suggestions to improve the usability of the product.,31,3
TKT01470,I would like more information about pricing and subscription plans. The issue is urgent and needs resolution soon.,54,1
TKT01471,I was charged incorrectly and need clarification on my invoice.,6,2
TKT01472,I would like more information about pricing and subscription plans.,42,3
TKT01473,I have suggestions to improve the usability of the product. The issue is urgent and needs resolution soon.,11,4
TKT01474,The application crashes frequently and shows unexpected errors.,33,1
TKT01475,I would like more information about pricing and subscription plans.,11,1
TKT01476,I need assistance updating my account details and password. The issue is urgent and needs resolution soon.,43,2
TKT01477,I need assistance updating my account details and password.,7,3
TKT01478,I need assistance updating my account details and password.,54,0
TKT01479,I have suggestions to improve the usability of the product. The issue is urgent and needs resolution soon.,1,4
TKT01480,I need assistance updating my account details and password. The issue is urgent and needs resolution soon.,22,0
TKT01481,I was charged incorrectly and need clarification on my invoice.,8,1
TKT01482,I was charged incorrectly and need clarification on my invoice. The issue is urgent and needs resolution soon.,45,4
TKT01483,I would like more information about pricing and subscription plans.,12,0
TKT01484,I would like more information about pricing and subscription plans. The issue is urgent and needs resolution soon.,3,2
TKT01485,I need assistance updating my account details and password. The issue is urgent and needs resolution soon.,43,2
TKT01486,The application crashes frequently and shows unexpected errors. The issue is urgent and needs resolution soon.,18,1
TKT01487,I have suggestions to improve the usability of the product.,35,2
TKT01488,I was charged incorrectly and need clarification on my invoice.,40,3
TKT01489,I need assistance updating my account details and password.,22,3
TKT01490,I have suggestions to improve the usability of the product.,34,2
TKT01491,I need assistance updating my account details and password.,41,1
TKT01492,I need assistance updating my account details and password.,28,3
TKT01493,I need assistance updating my account details and password.,7,5
TKT01494,I need assistance updating my account details and password. The issue is urgent and needs resolution soon.,42,1
TKT01495,The application crashes frequently and shows unexpected errors.,18,3
TKT01496,The application crashes frequently and shows unexpected errors.,31,3
TKT01497,I would like more information about pricing and subscription plans.,20,2
TKT01498,I need assistance updating my account details and password.,22,1
TKT01499,I have suggestions to improve the usability of the product.,14,3
TKT01500,I would like more information about pricing and subscription plans.,33,4
TKT01501,The application crashes frequently and shows unexpected errors.,56,2
TKT01502,The application crashes frequently and shows unexpected errors. The issue is urgent and needs resolution soon.,56,5
TKT01503,I have suggestions to improve the usability of the product.,20,2
TKT01504,I would like more information about pricing and subscription plans.,11,1
TKT01505,I would like more information about pricing and subscription plans.,54,1
TKT01506,The application crashes frequently and shows unexpected errors. The issue is urgent and needs resolution soon.,22,1
TKT01507,I have suggestions to improve the usability of the product.,23,3
TKT01508,I was charged incorrectly and need clarification on my invoice.,13,3
TKT01509,I have suggestions to improve the usability of the product.,22,1
TKT01510,I was charged incorrectly and need clarification on my invoice. The issue is urgent and needs resolution soon.,28,2
TKT01511,The application crashes frequently and shows unexpected errors.,12,2
TKT01512,I need assistance updating my account details and password.,25,1
TKT01513,I was charged incorrectly and need clarification on my invoice.,38,1
TKT01514,I was charged incorrectly and need clarification on my invoice.,48,2
TKT01515,I would like more information about pricing and subscription plans.,17,2
TKT01516,I have suggestions to improve the usability of the product.,38,1
TKT01517,The application crashes frequently and shows unexpected errors.,58,1
TKT01518,I have suggestions to improve the usability of the product.,42,1
TKT01519,I have suggestions to improve the usability of the product.,6,2
TKT01520,I would like more information about pricing and subscription plans.,37,4
TKT01521,I need assistance updating my account details and password. The issue is urgent and needs resolution soon.,10,2
TKT01522,I need assistance updating my account details and password. The issue is urgent and needs resolution soon.,32,3
TKT01523,I need assistance updating my account details and password.,17,2
TKT01524,I have suggestions to improve the usability of the product. The issue is urgent and needs resolution soon.,39,2
TKT01525,I would like more information about pricing and subscription plans.,33,0
TKT01526,The application crashes frequently and shows unexpected errors.,5,4
TKT01527,The application crashes frequently and shows unexpected errors. The issue is urgent and needs resolution soon.,41,0
TKT01528,I need assistance updating my account details and password. The issue is urgent and needs resolution soon.,28,1
TKT01529,The application crashes frequently and shows unexpected errors. The issue is urgent and needs resolution soon.,19,3
TKT01530,I have suggestions to improve the usability of the product. The issue is urgent and needs resolution soon.,6,2
TKT01531,I would like more information about pricing and subscription plans.,55,6
TKT01532,The application crashes frequently and shows unexpected errors. The issue is urgent and needs resolution soon.,56,5
TKT01533,I have suggestions to improve the usability of the product.,38,3
TKT01534,The application crashes frequently and shows unexpected errors.,41,0
TKT01535,I need assistance updating my account details and password.,37,2
TKT01536,The application crashes frequently and shows unexpected errors. The issue is urgent and needs resolution soon.,28,2
TKT01537,I need assistance updating my account details and password.,3,1
TKT01538,I need assistance updating my account details and password. The issue is urgent and needs resolution soon.,58,2
TKT01539,I need assistance updating my account details and password.,35,1
TKT01540,I need assistance updating my account details and password. The issue is urgent and needs resolution soon.,8,1
TKT01541,I was charged incorrectly and need clarification on my invoice.,25,0
TKT01542,The application crashes frequently and shows unexpected errors.,26,1
TKT01543,The application crashes frequently and shows unexpected errors.,45,0
TKT01544,I have suggestions to improve the usability of the product.,53,3
TKT01545,I was charged incorrectly and need clarification on my invoice. The issue is urgent and needs resolution soon.,43,2
TKT01546,I need assistance updating my account details and password. The issue is urgent and needs resolution soon.,1,0
TKT01547,I would like more information about pricing and subscription plans.,54,1
TKT01548,I was charged incorrectly and need clarification on my invoice.,8,1
TKT01549,The application crashes frequently and shows unexpected errors.,45,4
TKT01550,The application crashes frequently and shows unexpected errors. The issue is urgent and needs resolution soon.,53,2
TKT01551,I need assistance updating my account details and password. The issue is urgent and needs resolution soon.,27,1
TKT01552,I have suggestions to improve the usability of the product. The issue is urgent and needs resolution soon.,10,3
TKT01553,I was charged incorrectly and need clarification on my invoice.,7,2
TKT01554,I would like more information about pricing and subscription plans. The issue is urgent and needs resolution soon.,44,0
TKT01555,I have suggestions to improve the usability of the product. The issue is urgent and needs resolution soon.,52,0
TKT01556,The application crashes frequently and shows unexpected errors. The issue is urgent and needs resolution soon.,43,0
TKT01557,I was charged incorrectly and need clarification on my invoice. The issue is urgent and needs resolution soon.,39,3
TKT01558,I was charged incorrectly and need clarification on my invoice.,56,3
TKT01559,The application crashes frequently and shows unexpected errors.,31,5
TKT01560,I was charged incorrectly and need clarification on my invoice. The issue is urgent and needs resolution soon.,50,4
TKT01561,The application crashes frequently and shows unexpected errors.,31,0
TKT01562,I have suggestions to improve the usability of the product.,59,0
TKT01563,I have suggestions to improve the usability of the product.,23,0
TKT01564,The application crashes frequently and shows unexpected errors.,15,4
TKT01565,I have suggestions to improve the usability of the product. The issue is urgent and needs resolution soon.,16,4
TKT01566,I have suggestions to improve the usability of the product. The issue is urgent and needs resolution soon.,44,2
TKT01567,I would like more information about pricing and subscription plans.,34,2
TKT01568,I would like more information about pricing and subscription plans.,57,2
TKT01569,I have suggestions to improve the usability of the product.,8,1
TKT01570,I need assistance updating my account details and password.,38,0
TKT01571,The application crashes frequently and shows unexpected errors.,8,1
TKT01572,I was charged incorrectly and need clarification on my invoice.,15,2
TKT01573,The application crashes frequently and shows unexpected errors.,29,2
TKT01574,I have suggestions to improve the usability of the product.,51,1
TKT01575,The application crashes frequently and shows unexpected errors. The issue is urgent and needs resolution soon.,23,4
TKT01576,I have suggestions to improve the usability of the product. The issue is urgent and needs resolution soon.,28,5
TKT01577,I have suggestions to improve the usability of the product.,3,4
TKT01578,The application crashes frequently and shows unexpected errors.,20,4
TKT01579,I have suggestions to improve the usability of the product.,9,1
TKT01580,I have suggestions to improve the usability of the product.,28,2
TKT01581,I would like more information about pricing and subscription plans. The issue is urgent and needs resolution soon.,45,5
TKT01582,The application crashes frequently and shows unexpected errors.,48,2
TKT01583,I was charged incorrectly and need clarification on my invoice.,32,1
TKT01584,I would like more information about pricing and subscription plans. The issue is urgent and needs resolution soon.,49,1
TKT01585,The application crashes frequently and shows unexpected errors.,23,1
TKT01586,I need assistance updating my account details and password.,44,2
TKT01587,I need assistance updating my account details and password. The issue is urgent and needs resolution soon.,44,1
TKT01588,The application crashes frequently and shows unexpected errors.,14,2
TKT01589,The application crashes frequently and shows unexpected errors. The issue is urgent and needs resolution soon.,12,4
TKT01590,I was charged incorrectly and need clarification on my invoice.,5,0
TKT01591,I have suggestions to improve the usability of the product. The issue is urgent and needs resolution soon.,19,2
TKT01592,I would like more information about pricing and subscription plans.,37,0
TKT01593,I would like more information about pricing and subscription plans.,56,2
TKT01594,I was charged incorrectly and need clarification on my invoice. The issue is urgent and needs resolution soon.,28,3
TKT01595,The application crashes frequently and shows unexpected errors.,12,0
TKT01596,I have suggestions to improve the usability of the product. The issue is urgent and needs resolution soon.,46,2
TKT01597,I was charged incorrectly and need clarification on my invoice.,38,4
TKT01598,I was charged incorrectly and need clarification on my invoice. The issue is urgent and needs resolution soon.,30,3
TKT01599,I would like more information about pricing and subscription plans.,2,1
TKT01600,I need assistance updating my account details and password.,2,3
TKT01601,I was charged incorrectly and need clarification on my invoice. The issue is urgent and needs resolution soon.,57,3
TKT01602,I was charged incorrectly and need clarification on my invoice.,39,3
TKT01603,I have suggestions to improve the usability of the product.,44,3
TKT01604,The application crashes frequently and shows unexpected errors. The issue is urgent and needs resolution soon.,19,3
TKT01605,I need assistance updating my account details and password.,38,0
TKT01606,I was charged incorrectly and need clarification on my invoice. The issue is urgent and needs resolution soon.,5,4
TKT01607,The application crashes frequently and shows unexpected errors.,54,3
TKT01608,I have suggestions to improve the usability of the product. The issue is urgent and needs resolution soon.,33,3
TKT01609,I would like more information about pricing and subscription plans. The issue is urgent and needs resolution soon.,10,3
TKT01610,I have suggestions to improve the usability of the product. The issue is urgent and needs resolution soon.,18,1
TKT01611,The application crashes frequently and shows unexpected errors.,55,1
TKT01612,I would like more information about pricing and subscription plans. The issue is urgent and needs resolution soon.,8,1
TKT01613,I would like more information about pricing and subscription plans. The issue is urgent and needs resolution soon.,19,1
TKT01614,I was charged incorrectly and need clarification on my invoice. The issue is urgent and needs resolution soon.,4,2
TKT01615,I was charged incorrectly and need clarification on my invoice.,7,1
TKT01616,I have suggestions to improve the usability of the product.,3,1
TKT01617,The application crashes frequently and shows unexpected errors.,19,1
TKT01618,The application crashes frequently and shows unexpected errors.,29,2
TKT01619,I was charged incorrectly and need clarification on my invoice. The issue is urgent and needs resolution soon.,8,0
TKT01620,The application crashes frequently and shows unexpected errors.,8,2
TKT01621,I need assistance updating my account details and password.,26,5
TKT01622,The application crashes frequently and shows unexpected errors.,27,1
TKT01623,I have suggestions to improve the usability of the product.,38,2
TKT01624,I would like more information about pricing and subscription plans.,54,3
TKT01625,The application crashes frequently and shows unexpected errors.,16,3
TKT01626,The application crashes frequently and shows unexpected errors. The issue is urgent and needs resolution soon.,35,1
TKT01627,I would like more information about pricing and subscription plans.,18,2
TKT01628,I would like more information about pricing and subscription plans.,45,3
TKT01629,I have suggestions to improve the usability of the product. The issue is urgent and needs resolution soon.,9,3
TKT01630,The application crashes frequently and shows unexpected errors.,2,0
TKT01631,I have suggestions to improve the usability of the product.,51,1
TKT01632,The application crashes frequently and shows unexpected errors.,32,0
TKT01633,I need assistance updating my account details and password. The issue is urgent and needs resolution soon.,26,2
TKT01634,I was charged incorrectly and need clarification on my invoice. The issue is urgent and needs resolution soon.,3,3
TKT01635,I have suggestions to improve the usability of the product.,38,3
TKT01636,I have suggestions to improve the usability of the product.,52,5
TKT01637,The application crashes frequently and shows unexpected errors.,57,0
TKT01638,The application crashes frequently and shows unexpected errors. The issue is urgent and needs resolution soon.,10,2
TKT01639,I was charged incorrectly and need clarification on my invoice. The issue is urgent and needs resolution soon.,17,3
TKT01640,I need assistance updating my account details and password.,30,3
TKT01641,I was charged incorrectly and need clarification on my invoice. The issue is urgent and needs resolution soon.,17,1
TKT01642,I need assistance updating my account details and password.,45,3
TKT01643,The application crashes frequently and shows unexpected errors. The issue is urgent and needs resolution soon.,18,2
TKT01644,I would like more information about pricing and subscription plans.,24,2
TKT01645,The application crashes frequently and shows unexpected errors.,11,4
TKT01646,I was charged incorrectly and need clarification on my invoice. The issue is urgent and needs resolution soon.,39,3
TKT01647,I would like more information about pricing and subscription plans.,44,2
TKT01648,I have suggestions to improve the usability of the product.,54,3
TKT01649,I have suggestions to improve the usability of the product. The issue is urgent and needs resolution soon.,19,1
TKT01650,I have suggestions to improve the usability of the product.,17,3
TKT01651,I would like more information about pricing and subscription plans.,35,5
TKT01652,I would like more information about pricing and subscription plans.,49,3
TKT01653,I need assistance updating my account details and password. The issue is urgent and needs resolution soon.,37,4
TKT01654,I need assistance updating my account details and password.,5,1
TKT01655,I was charged incorrectly and need clarification on my invoice.,35,0
TKT01656,I would like more information about pricing and subscription plans.,37,1
TKT01657,I have suggestions to improve the usability of the product.,45,2
TKT01658,I have suggestions to improve the usability of the product. The issue is urgent and needs resolution soon.,2,0
TKT01659,I was charged incorrectly and need clarification on my invoice. The issue is urgent and needs resolution soon.,13,2
TKT01660,I need assistance updating my account details and password. The issue is urgent and needs resolution soon.,57,1
TKT01661,The application crashes frequently and shows unexpected errors.,56,2
TKT01662,I need assistance updating my account details and password.,23,3
TKT01663,I would like more information about pricing and subscription plans.,49,3
TKT01664,I was charged incorrectly and need clarification on my invoice.,37,1
TKT01665,I was charged incorrectly and need clarification on my invoice.,53,0
TKT01666,The application crashes frequently and shows unexpected errors.,30,3
TKT01667,I have suggestions to improve the usability of the product. The issue is urgent and needs resolution soon.,22,3
TKT01668,I would like more information about pricing and subscription plans.,45,1
TKT01669,I have suggestions to improve the usability of the product.,8,1
TKT01670,I would like more information about pricing and subscription plans.,4,1
TKT01671,I was charged incorrectly and need clarification on my invoice. The issue is urgent and needs resolution soon.,54,2
TKT01672,I have suggestions to improve the usability of the product. The issue is urgent and needs resolution soon.,50,3
TKT01673,I would like more information about pricing and subscription plans.,24,0
TKT01674,I was charged incorrectly and need clarification on my invoice.,31,4
TKT01675,I need assistance updating my account details and password. The issue is urgent and needs resolution soon.,35,2
TKT01676,I was charged incorrectly and need clarification on my invoice.,47,2
TKT01677,I need assistance updating my account details and password.,38,2
TKT01678,I need assistance updating my account details and password. The issue is urgent and needs resolution soon.,43,0
TKT01679,I have suggestions to improve the usability of the product. The issue is urgent and needs resolution soon.,18,3
TKT01680,I was charged incorrectly and need clarification on my invoice.,45,2
TKT01681,I would like more information about pricing and subscription plans.,35,5
TKT01682,I have suggestions to improve the usability of the product. The issue is urgent and needs resolution soon.,51,1
TKT01683,The application crashes frequently and shows unexpected errors.,18,6
TKT01684,I need assistance updating my account details and password.,8,5
TKT01685,I would like more information about pricing and subscription plans.,12,1
TKT01686,I was charged incorrectly and need clarification on my invoice. The issue is urgent and needs resolution soon.,29,3
TKT01687,I need assistance updating my account details and password. The issue is urgent and needs resolution soon.,9,3
TKT01688,I was charged incorrectly and need clarification on my invoice. The issue is urgent and needs resolution soon.,1,5
TKT01689,I need assistance updating my account details and password.,57,1
TKT01690,The application crashes frequently and shows unexpected errors.,26,1
TKT01691,I need assistance updating my account details and password.,28,1
TKT01692,I need assistance updating my account details and password.,8,1
TKT01693,I have suggestions to improve the usability of the product.,24,2
TKT01694,The application crashes frequently and shows unexpected errors. The issue is urgent and needs resolution soon.,9,3
TKT01695,I have suggestions to improve the usability of the product.,50,2
TKT01696,I need assistance updating my account details and password.,58,2
TKT01697,I was charged incorrectly and need clarification on my invoice. The issue is urgent and needs resolution soon.,56,2
TKT01698,I have suggestions to improve the usability of the product.,20,4
TKT01699,I would like more information about pricing and subscription plans. The issue is urgent and needs resolution soon.,32,1
TKT01700,I would like more information about pricing and subscription plans.,20,1
TKT01701,The application crashes frequently and shows unexpected errors.,18,2
TKT01702,The application crashes frequently and shows unexpected errors.,22,5
TKT01703,I would like more information about pricing and subscription plans. The issue is urgent and needs resolution soon.,50,0
TKT01704,I was charged incorrectly and need clarification on my invoice. The issue is urgent and needs resolution soon.,12,3
TKT01705,I have suggestions to improve the usability of the product.,8,1
TKT01706,I need assistance updating my account details and password.,26,1
TKT01707,The application crashes frequently and shows unexpected errors.,23,1
TKT01708,The application crashes frequently and shows unexpected errors.,54,0
TKT01709,I need assistance updating my account details and password.,51,2
TKT01710,I need assistance updating my account details and password.,44,3
TKT01711,I have suggestions to improve the usability of the product.,29,0
TKT01712,I have suggestions to improve the usability of the product.,50,2
TKT01713,I would like more information about pricing and subscription plans. The issue is urgent and needs resolution soon.,31,3
TKT01714,I need assistance updating my account details and password.,28,2
TKT01715,I need assistance updating my account details and password. The issue is urgent and needs resolution soon.,39,0
TKT01716,I was charged incorrectly and need clarification on my invoice.,36,0
TKT01717,The application crashes frequently and shows unexpected errors. The issue is urgent and needs resolution soon.,56,5
TKT01718,I need assistance updating my account details and password.,57,2
TKT01719,The application crashes frequently and shows unexpected errors.,47,2
TKT01720,The application crashes frequently and shows unexpected errors. The issue is urgent and needs resolution soon.,46,0
TKT01721,I need assistance updating my account details and password. The issue is urgent and needs resolution soon.,45,1
TKT01722,I need assistance updating my account details and password.,22,1
TKT01723,I need assistance updating my account details and password. The issue is urgent and needs resolution soon.,1,1
TKT01724,I was charged incorrectly and need clarification on my invoice.,49,0
TKT01725,I need assistance updating my account details and password.,34,0
TKT01726,The application crashes frequently and shows unexpected errors. The issue is urgent and needs resolution soon.,22,5
TKT01727,The application crashes frequently and shows unexpected errors.,7,3
TKT01728,I would like more information about pricing and subscription plans.,48,2
TKT01729,I need assistance updating my account details and password.,32,2
TKT01730,I would like more information about pricing and subscription plans. The issue is urgent and needs resolution soon.,45,2
TKT01731,I need assistance updating my account details and password. The issue is urgent and needs resolution soon.,28,2
TKT01732,I was charged incorrectly and need clarification on my invoice.,19,5
TKT01733,I was charged incorrectly and need clarification on my invoice. The issue is urgent and needs resolution soon.,18,1
TKT01734,I was charged incorrectly and need clarification on my invoice. The issue is urgent and needs resolution soon.,2,2
TKT01735,The application crashes frequently and shows unexpected errors.,50,1
TKT01736,The application crashes frequently and shows unexpected errors.,26,4
TKT01737,I would like more information about pricing and subscription plans.,21,1
TKT01738,I was charged incorrectly and need clarification on my invoice. The issue is urgent and needs resolution soon.,52,3
TKT01739,The application crashes frequently and shows unexpected errors. The issue is urgent and needs resolution soon.,10,1
TKT01740,I would like more information about pricing and subscription plans.,3,2
TKT01741,I need assistance updating my account details and password. The issue is urgent and needs resolution soon.,18,1
TKT01742,I was charged incorrectly and need clarification on my invoice. The issue is urgent and needs resolution soon.,9,2
TKT01743,The application crashes frequently and shows unexpected errors. The issue is urgent and needs resolution soon.,27,1
TKT01744,I have suggestions to improve the usability of the product. The issue is urgent and needs resolution soon.,15,2
TKT01745,The application crashes frequently and shows unexpected errors. The issue is urgent and needs resolution soon.,16,0
TKT01746,I was charged incorrectly and need clarification on my invoice.,45,1
TKT01747,I would like more information about pricing and subscription plans. The issue is urgent and needs resolution soon.,29,3
TKT01748,The application crashes frequently and shows unexpected errors. The issue is urgent and needs resolution soon.,1,2
TKT01749,I have suggestions to improve the usability of the product.,47,2
TKT01750,I have suggestions to improve the usability of the product.,54,1
TKT01751,I was charged incorrectly and need clarification on my invoice. The issue is urgent and needs resolution soon.,51,1
TKT01752,I have suggestions to improve the usability of the product.,58,2
TKT01753,I have suggestions to improve the usability of the product. The issue is urgent and needs resolution soon.,25,1
TKT01754,I would like more information about pricing and subscription plans.,31,4
TKT01755,I have suggestions to improve the usability of the product. The issue is urgent and needs resolution soon.,56,0
TKT01756,I have suggestions to improve the usability of the product. The issue is urgent and needs resolution soon.,21,4
TKT01757,The application crashes frequently and shows unexpected errors.,50,2
TKT01758,I have suggestions to improve the usability of the product. The issue is urgent and needs resolution soon.,45,2
TKT01759,I have suggestions to improve the usability of the product.,26,2
TKT01760,I need assistance updating my account details and password.,58,3
TKT01761,I need assistance updating my account details and password.,4,0
TKT01762,I was charged incorrectly and need clarification on my invoice. The issue is urgent and needs resolution soon.,8,2
TKT01763,The application crashes frequently and shows unexpected errors.,21,4
TKT01764,I have suggestions to improve the usability of the product. The issue is urgent and needs resolution soon.,13,1
TKT01765,I was charged incorrectly and need clarification on my invoice. The issue is urgent and needs resolution soon.,1,4
TKT01766,I have suggestions to improve the usability of the product. The issue is urgent and needs resolution soon.,34,4
TKT01767,I have suggestions to improve the usability of the product. The issue is urgent and needs resolution soon.,48,2
TKT01768,I have suggestions to improve the usability of the product. The issue is urgent and needs resolution soon.,23,4
TKT01769,The application crashes frequently and shows unexpected errors.,33,3
TKT01770,I was charged incorrectly and need clarification on my invoice.,55,2
TKT01771,I would like more information about pricing and subscription plans.,39,1
TKT01772,I would like more information about pricing and subscription plans.,44,4
TKT01773,I have suggestions to improve the usability of the product.,6,0
TKT01774,I have suggestions to improve the usability of the product. The issue is urgent and needs resolution soon.,45,1
TKT01775,I need assistance updating my account details and password.,55,4
TKT01776,I was charged incorrectly and need clarification on my invoice.,53,4
TKT01777,I was charged incorrectly and need clarification on my invoice.,51,0
TKT01778,I need assistance updating my account details and password.,13,6
TKT01779,I have suggestions to improve the usability of the product. The issue is urgent and needs resolution soon.,27,3
TKT01780,I would like more information about pricing and subscription plans.,35,2
TKT01781,I was charged incorrectly and need clarification on my invoice.,43,1
TKT01782,I need assistance updating my account details and password. The issue is urgent and needs resolution soon.,14,1
TKT01783,I was charged incorrectly and need clarification on my invoice. The issue is urgent and needs resolution soon.,1,1
TKT01784,I would like more information about pricing and subscription plans.,27,4
TKT01785,I would like more information about pricing and subscription plans.,36,0
TKT01786,I was charged incorrectly and need clarification on my invoice.,8,1
TKT01787,The application crashes frequently and shows unexpected errors.,42,1
TKT01788,I need assistance updating my account details and password.,24,0
TKT01789,The application crashes frequently and shows unexpected errors. The issue is urgent and needs resolution soon.,5,1
TKT01790,I was charged incorrectly and need clarification on my invoice.,45,2
TKT01791,I need assistance updating my account details and password. The issue is urgent and needs resolution soon.,9,1
TKT01792,I would like more information about pricing and subscription plans. The issue is urgent and needs resolution soon.,37,4
TKT01793,I would like more information about pricing and subscription plans. The issue is urgent and needs resolution soon.,47,3
TKT01794,The application crashes frequently and shows unexpected errors.,37,3
TKT01795,The application crashes frequently and shows unexpected errors. The issue is urgent and needs resolution soon.,49,2
TKT01796,I need assistance updating my account details and password.,16,1
TKT01797,I need assistance updating my account details and password.,8,4
TKT01798,I would like more information about pricing and subscription plans.,37,2
TKT01799,The application crashes frequently and shows unexpected errors.,37,1
TKT01800,I would like more information about pricing and subscription plans. The issue is urgent and needs resolution soon.,45,4
TKT01801,I was charged incorrectly and need clarification on my invoice.,11,2
TKT01802,I have suggestions to improve the usability of the product. The issue is urgent and needs resolution soon.,57,1
TKT01803,I have suggestions to improve the usability of the product. The issue is urgent and needs resolution soon.,59,0
TKT01804,I would like more information about pricing and subscription plans. The issue is urgent and needs resolution soon.,18,3
TKT01805,I have suggestions to improve the usability of the product. The issue is urgent and needs resolution soon.,18,3
TKT01806,I was charged incorrectly and need clarification on my invoice.,11,1
TKT01807,I need assistance updating my account details and password.,2,1
TKT01808,I need assistance updating my account details and password.,27,0
TKT01809,I need assistance updating my account details and password. The issue is urgent and needs resolution soon.,25,0
TKT01810,I would like more information about pricing and subscription plans.,29,1
TKT01811,I need assistance updating my account details and password. The issue is urgent and needs resolution soon.,56,3
TKT01812,I would like more information about pricing and subscription plans.,5,9
TKT01813,I have suggestions to improve the usability of the product. The issue is urgent and needs resolution soon.,1,2
TKT01814,I was charged incorrectly and need clarification on my invoice. The issue is urgent and needs resolution soon.,2,2
TKT01815,I need assistance updating my account details and password. The issue is urgent and needs resolution soon.,25,0
TKT01816,I need assistance updating my account details and password.,31,2
TKT01817,The application crashes frequently and shows unexpected errors.,45,0
TKT01818,I would like more information about pricing and subscription plans. The issue is urgent and needs resolution soon.,18,2
TKT01819,I would like more information about pricing and subscription plans. The issue is urgent and needs resolution soon.,37,0
TKT01820,I need assistance updating my account details and password.,21,0
TKT01821,I would like more information about pricing and subscription plans.,52,1
TKT01822,I need assistance updating my account details and password. The issue is urgent and needs resolution soon.,16,4
TKT01823,I was charged incorrectly and need clarification on my invoice.,3,1
TKT01824,I need assistance updating my account details and password.,17,3
TKT01825,The application crashes frequently and shows unexpected errors. The issue is urgent and needs resolution soon.,32,1
TKT01826,The application crashes frequently and shows unexpected errors. The issue is urgent and needs resolution soon.,13,0
TKT01827,I was charged incorrectly and need clarification on my invoice. The issue is urgent and needs resolution soon.,15,2
TKT01828,I have suggestions to improve the usability of the product. The issue is urgent and needs resolution soon.,47,6
TKT01829,I have suggestions to improve the usability of the product. The issue is urgent and needs resolution soon.,45,0
TKT01830,I have suggestions to improve the usability of the product.,36,3
TKT01831,I need assistance updating my account details and password.,48,5
TKT01832,The application crashes frequently and shows unexpected errors.,6,2
TKT01833,I would like more information about pricing and subscription plans. The issue is urgent and needs resolution soon.,11,3
TKT01834,I was charged incorrectly and need clarification on my invoice. The issue is urgent and needs resolution soon.,56,0
TKT01835,I have suggestions to improve the usability of the product. The issue is urgent and needs resolution soon.,33,5
TKT01836,I was charged incorrectly and need clarification on my invoice.,3,6
TKT01837,The application crashes frequently and shows unexpected errors.,8,0
TKT01838,I was charged incorrectly and need clarification on my invoice.,25,1
TKT01839,I need assistance updating my account details and password.,17,0
TKT01840,I was charged incorrectly and need clarification on my invoice.,51,4
TKT01841,I have suggestions to improve the usability of the product. The issue is urgent and needs resolution soon.,37,3
TKT01842,The application crashes frequently and shows unexpected errors.,54,1
TKT01843,I need assistance updating my account details and password. The issue is urgent and needs resolution soon.,21,2
TKT01844,I would like more information about pricing and subscription plans. The issue is urgent and needs resolution soon.,47,1
TKT01845,I need assistance updating my account details and password.,9,4
TKT01846,I need assistance updating my account details and password.,47,1
TKT01847,I would like more information about pricing and subscription plans.,35,3
TKT01848,The application crashes frequently and shows unexpected errors.,11,4
TKT01849,I would like more information about pricing and subscription plans.,44,3
TKT01850,I have suggestions to improve the usability of the product.,59,1
TKT01851,I was charged incorrectly and need clarification on my invoice. The issue is urgent and needs resolution soon.,20,3
TKT01852,I need assistance updating my account details and password. The issue is urgent and needs resolution soon.,51,1
TKT01853,I need assistance updating my account details and password.,13,0
TKT01854,I have suggestions to improve the usability of the product.,53,2
TKT01855,I have suggestions to improve the usability of the product.,9,2
TKT01856,I need assistance updating my account details and password.,17,0
TKT01857,The application crashes frequently and shows unexpected errors. The issue is urgent and needs resolution soon.,49,1
TKT01858,The application crashes frequently and shows unexpected errors.,58,0
TKT01859,The application crashes frequently and shows unexpected errors.,43,1
TKT01860,I have suggestions to improve the usability of the product.,4,1
TKT01861,I need assistance updating my account details and password. The issue is urgent and needs resolution soon.,58,1
TKT01862,I was charged incorrectly and need clarification on my invoice.,41,2
TKT01863,I need assistance updating my account details and password.,4,1
TKT01864,I have suggestions to improve the usability of the product. The issue is urgent and needs resolution soon.,18,3
TKT01865,I need assistance updating my account details and password. The issue is urgent and needs resolution soon.,59,3
TKT01866,I need assistance updating my account details and password.,34,4
TKT01867,The application crashes frequently and shows unexpected errors.,37,3
TKT01868,I would like more information about pricing and subscription plans.,7,2
TKT01869,I need assistance updating my account details and password.,46,0
TKT01870,I have suggestions to improve the usability of the product.,7,0
TKT01871,I was charged incorrectly and need clarification on my invoice. The issue is urgent and needs resolution soon.,40,1
TKT01872,I have suggestions to improve the usability of the product.,30,2
TKT01873,I was charged incorrectly and need clarification on my invoice.,2,3
TKT01874,I was charged incorrectly and need clarification on my invoice.,20,2
TKT01875,I have suggestions to improve the usability of the product. The issue is urgent and needs resolution soon.,50,0
TKT01876,I need assistance updating my account details and password. The issue is urgent and needs resolution soon.,59,4
TKT01877,I would like more information about pricing and subscription plans. The issue is urgent and needs resolution soon.,43,3
TKT01878,I need assistance updating my account details and password. The issue is urgent and needs resolution soon.,39,3
TKT01879,I need assistance updating my account details and password. The issue is urgent and needs resolution soon.,35,3
TKT01880,I would like more information about pricing and subscription plans.,33,1
TKT01881,I have suggestions to improve the usability of the product.,44,2
TKT01882,I need assistance updating my account details and password. The issue is urgent and needs resolution soon.,26,2
TKT01883,I have suggestions to improve the usability of the product.,5,2
TKT01884,The application crashes frequently and shows unexpected errors. The issue is urgent and needs resolution soon.,40,1
TKT01885,I was charged incorrectly and need clarification on my invoice.,44,5
TKT01886,I need assistance updating my account details and password. The issue is urgent and needs resolution soon.,15,3
TKT01887,I have suggestions to improve the usability of the product.,7,1
TKT01888,The application crashes frequently and shows unexpected errors.,33,3
TKT01889,I was charged incorrectly and need clarification on my invoice.,41,1
TKT01890,I need assistance updating my account details and password.,14,0
TKT01891,I need assistance updating my account details and password.,21,3
TKT01892,I need assistance updating my account details and password.,34,1
TKT01893,I need assistance updating my account details and password.,27,1
TKT01894,I was charged incorrectly and need clarification on my invoice. The issue is urgent and needs resolution soon.,2,0
TKT01895,The application crashes frequently and shows unexpected errors.,46,4
TKT01896,I have suggestions to improve the usability of the product.,39,1
TKT01897,I need assistance updating my account details and password.,35,2
TKT01898,The application crashes frequently and shows unexpected errors.,9,1
TKT01899,I was charged incorrectly and need clarification on my invoice.,16,5
TKT01900,I would like more information about pricing and subscription plans. The issue is urgent and needs resolution soon.,50,1
TKT01901,The application crashes frequently and shows unexpected errors.,50,4
TKT01902,I was charged incorrectly and need clarification on my invoice. The issue is urgent and needs resolution soon.,51,0
TKT01903,I would like more information about pricing and subscription plans. The issue is urgent and needs resolution soon.,39,1
TKT01904,The application crashes frequently and shows unexpected errors.,48,1
TKT01905,I was charged incorrectly and need clarification on my invoice.,1,3
TKT01906,I have suggestions to improve the usability of the product.,43,3
TKT01907,I need assistance updating my account details and password. The issue is urgent and needs resolution soon.,17,1
TKT01908,I have suggestions to improve the usability of the product.,5,1
TKT01909,The application crashes frequently and shows unexpected errors. The issue is urgent and needs resolution soon.,14,2
TKT01910,The application crashes frequently and shows unexpected errors. The issue is urgent and needs resolution soon.,15,3
TKT01911,The application crashes frequently and shows unexpected errors.,30,1
TKT01912,I would like more information about pricing and subscription plans.,6,1
TKT01913,I have suggestions to improve the usability of the product.,17,0
TKT01914,The application crashes frequently and shows unexpected errors. The issue is urgent and needs resolution soon.,2,1
TKT01915,The application crashes frequently and shows unexpected errors.,34,1
TKT01916,I need assistance updating my account details and password.,29,2
TKT01917,I have suggestions to improve the usability of the product. The issue is urgent and needs resolution soon.,39,3
TKT01918,I was charged incorrectly and need clarification on my invoice. The issue is urgent and needs resolution soon.,40,0
TKT01919,I need assistance updating my account details and password.,55,3
TKT01920,I would like more information about pricing and subscription plans. The issue is urgent and needs resolution soon.,52,2
TKT01921,I have suggestions to improve the usability of the product. The issue is urgent and needs resolution soon.,54,3
TKT01922,I need assistance updating my account details and password.,22,4
TKT01923,I need assistance updating my account details and password. The issue is urgent and needs resolution soon.,7,1
TKT01924,I need assistance updating my account details and password.,26,1
TKT01925,I would like more information about pricing and subscription plans.,28,1
TKT01926,I have suggestions to improve the usability of the product.,8,1
TKT01927,The application crashes frequently and shows unexpected errors.,27,4
TKT01928,I have suggestions to improve the usability of the product.,17,1
TKT01929,The application crashes frequently and shows unexpected errors. The issue is urgent and needs resolution soon.,8,3
TKT01930,I would like more information about pricing and subscription plans. The issue is urgent and needs resolution soon.,47,2
TKT01931,I would like more information about pricing and subscription plans.,28,1
TKT01932,The application crashes frequently and shows unexpected errors.,29,1
TKT01933,The application crashes frequently and shows unexpected errors.,34,3
TKT01934,I was charged incorrectly and need clarification on my invoice.,20,3
TKT01935,I was charged incorrectly and need clarification on my invoice. The issue is urgent and needs resolution soon.,27,2
TKT01936,I need assistance updating my account details and password. The issue is urgent and needs resolution soon.,4,4
TKT01937,I was charged incorrectly and need clarification on my invoice. The issue is urgent and needs resolution soon.,22,1
TKT01938,The application crashes frequently and shows unexpected errors.,41,0
TKT01939,I would like more information about pricing and subscription plans.,45,1
TKT01940,I have suggestions to improve the usability of the product.,18,2
TKT01941,The application crashes frequently and shows unexpected errors.,22,1
TKT01942,I was charged incorrectly and need clarification on my invoice.,49,5
TKT01943,I have suggestions to improve the usability of the product.,50,0
TKT01944,I would like more information about pricing and subscription plans.,9,0
TKT01945,I was charged incorrectly and need clarification on my invoice. The issue is urgent and needs resolution soon.,57,4
TKT01946,I have suggestions to improve the usability of the product.,53,0
TKT01947,The application crashes frequently and shows unexpected errors.,31,2
TKT01948,I would like more information about pricing and subscription plans. The issue is urgent and needs resolution soon.,9,2
TKT01949,I was charged incorrectly and need clarification on my invoice.,20,2
TKT01950,I have suggestions to improve the usability of the product.,7,1
TKT01951,I would like more information about pricing and subscription plans. The issue is urgent and needs resolution soon.,50,2
TKT01952,The application crashes frequently and shows unexpected errors. The issue is urgent and needs resolution soon.,34,2
TKT01953,I need assistance updating my account details and password. The issue is urgent and needs resolution soon.,37,3
TKT01954,I would like more information about pricing and subscription plans.,28,2
TKT01955,I was charged incorrectly and need clarification on my invoice.,31,2
TKT01956,I would like more information about pricing and subscription plans. The issue is urgent and needs resolution soon.,8,1
TKT01957,I have suggestions to improve the usability of the product. The issue is urgent and needs resolution soon.,46,2
TKT01958,I would like more information about pricing and subscription plans. The issue is urgent and needs resolution soon.,48,1
TKT01959,The application crashes frequently and shows unexpected errors.,36,3
TKT01960,I have suggestions to improve the usability of the product. The issue is urgent and needs resolution soon.,34,3
TKT01961,The application crashes frequently and shows unexpected errors.,4,2
TKT01962,The application crashes frequently and shows unexpected errors.,55,2
TKT01963,I need assistance updating my account details and password. The issue is urgent and needs resolution soon.,17,1
TKT01964,I was charged incorrectly and need clarification on my invoice.,26,1
TKT01965,I was charged incorrectly and need clarification on my invoice.,56,1
TKT01966,I need assistance updating my account details and password.,56,4
TKT01967,I have suggestions to improve the usability of the product.,31,1
TKT01968,I was charged incorrectly and need clarification on my invoice.,46,2
TKT01969,The application crashes frequently and shows unexpected errors. The issue is urgent and needs resolution soon.,10,2
TKT01970,I was charged incorrectly and need clarification on my invoice. The issue is urgent and needs resolution soon.,42,1
TKT01971,The application crashes frequently and shows unexpected errors.,54,1
TKT01972,I have suggestions to improve the usability of the product.,26,5
TKT01973,I have suggestions to improve the usability of the product. The issue is urgent and needs resolution soon.,29,1
TKT01974,The application crashes frequently and shows unexpected errors.,46,1
TKT01975,I was charged incorrectly and need clarification on my invoice.,23,2
TKT01976,I have suggestions to improve the usability of the product.,40,1
TKT01977,The application crashes frequently and shows unexpected errors.,8,0
TKT01978,I would like more information about pricing and subscription plans.,47,2
TKT01979,I need assistance updating my account details and password.,27,1
TKT01980,I have suggestions to improve the usability of the product. The issue is urgent and needs resolution soon.,49,0
TKT01981,I have suggestions to improve the usability of the product.,24,1
TKT01982,I need assistance updating my account details and password.,43,1
TKT01983,I need assistance updating my account details and password. The issue is urgent and needs resolution soon.,8,2
TKT01984,I was charged incorrectly and need clarification on my invoice. The issue is urgent and needs resolution soon.,36,1
TKT01985,I have suggestions to improve the usability of the product. The issue is urgent and needs resolution soon.,24,3
TKT01986,I have suggestions to improve the usability of the product. The issue is urgent and needs resolution soon.,33,3
TKT01987,I need assistance updating my account details and password.,47,4
TKT01988,I have suggestions to improve the usability of the product.,32,2
TKT01989,I was charged incorrectly and need clarification on my invoice.,55,1
TKT01990,I need assistance updating my account details and password.,51,1
TKT01991,I need assistance updating my account details and password. The issue is urgent and needs resolution soon.,7,1
TKT01992,I was charged incorrectly and need clarification on my invoice. The issue is urgent and needs resolution soon.,7,1
TKT01993,I was charged incorrectly and need clarification on my invoice. The issue is urgent and needs resolution soon.,25,0
TKT01994,I need assistance updating my account details and password.,44,2
TKT01995,I would like more information about pricing and subscription plans.,13,2
TKT01996,I need assistance updating my account details and password. The issue is urgent and needs resolution soon.,11,4
TKT01997,I was charged incorrectly and need clarification on my invoice. The issue is urgent and needs resolution soon.,13,2
TKT01998,I would like more information about pricing and subscription plans.,52,1
TKT01999,I was charged incorrectly and need clarification on my invoice. The issue is urgent and needs resolution soon.,25,2
TKT02000,The application crashes frequently and shows unexpected errors.,10,2
TKT02001,I would like more information about pricing and subscription plans. The issue is urgent and needs resolution soon.,8,1
TKT02002,I was charged incorrectly and need clarification on my invoice. The issue is urgent and needs resolution soon.,39,1
TKT02003,I was charged incorrectly and need clarification on my invoice. The issue is urgent and needs resolution soon.,45,2
TKT02004,I need assistance updating my account details and password.,46,1
TKT02005,The application crashes frequently and shows unexpected errors.,42,2
TKT02006,I have suggestions to improve the usability of the product.,2,2
TKT02007,I would like more information about pricing and subscription plans.,35,3
TKT02008,I would like more information about pricing and subscription plans.,1,4
TKT02009,I have suggestions to improve the usability of the product. The issue is urgent and needs resolution soon.,38,0
TKT02010,I would like more information about pricing and subscription plans.,56,2
TKT02011,The application crashes frequently and shows unexpected errors.,17,1
TKT02012,I was charged incorrectly and need clarification on my invoice.,53,3
TKT02013,I was charged incorrectly and need clarification on my invoice. The issue is urgent and needs resolution soon.,2,2
TKT02014,I was charged incorrectly and need clarification on my invoice.,7,1
TKT02015,I would like more information about pricing and subscription plans. The issue is urgent and needs resolution soon.,20,4
TKT02016,I have suggestions to improve the usability of the product.,54,1
TKT02017,I would like more information about pricing and subscription plans.,22,1
TKT02018,The application crashes frequently and shows unexpected errors. The issue is urgent and needs resolution soon.,19,0
TKT02019,I would like more information about pricing and subscription plans.,54,2
TKT02020,I was charged incorrectly and need clarification on my invoice.,21,2
TKT02021,I would like more information about pricing and subscription plans.,11,1
TKT02022,I need assistance updating my account details and password. The issue is urgent and needs resolution soon.,27,3
TKT02023,I would like more information about pricing and subscription plans.,9,4
TKT02024,I was charged incorrectly and need clarification on my invoice.,38,4
TKT02025,The application crashes frequently and shows unexpected errors.,5,3
TKT02026,I would like more information about pricing and subscription plans.,42,2
TKT02027,I would like more information about pricing and subscription plans.,17,1
TKT02028,I need assistance updating my account details and password.,14,2
TKT02029,I have suggestions to improve the usability of the product.,32,3
TKT02030,I would like more information about pricing and subscription plans.,37,1
TKT02031,I was charged incorrectly and need clarification on my invoice. The issue is urgent and needs resolution soon.,26,3
TKT02032,I was charged incorrectly and need clarification on my invoice. The issue is urgent and needs resolution soon.,37,3
TKT02033,I would like more information about pricing and subscription plans. The issue is urgent and needs resolution soon.,23,2
TKT02034,I need assistance updating my account details and password.,15,4
TKT02035,The application crashes frequently and shows unexpected errors. The issue is urgent and needs resolution soon.,3,3
TKT02036,I would like more information about pricing and subscription plans. The issue is urgent and needs resolution soon.,6,1
TKT02037,I would like more information about pricing and subscription plans.,37,3
TKT02038,I was charged incorrectly and need clarification on my invoice. The issue is urgent and needs resolution soon.,54,3
TKT02039,I need assistance updating my account details and password.,31,3
TKT02040,I have suggestions to improve the usability of the product. The issue is urgent and needs resolution soon.,38,0
TKT02041,I have suggestions to improve the usability of the product.,44,4
TKT02042,I was charged incorrectly and need clarification on my invoice.,44,1
TKT02043,I was charged incorrectly and need clarification on my invoice.,34,2
TKT02044,I would like more information about pricing and subscription plans. The issue is urgent and needs resolution soon.,43,2
TKT02045,I have suggestions to improve the usability of the product. The issue is urgent and needs resolution soon.,37,1
TKT02046,I need assistance updating my account details and password.,51,0
TKT02047,The application crashes frequently and shows unexpected errors.,59,1
TKT02048,I would like more information about pricing and subscription plans. The issue is urgent and needs resolution soon.,55,3
TKT02049,I need assistance updating my account details and password.,53,1
TKT02050,I have suggestions to improve the usability of the product.,16,1
TKT02051,The application crashes frequently and shows unexpected errors.,8,7
TKT02052,I have suggestions to improve the usability of the product. The issue is urgent and needs resolution soon.,54,2
TKT02053,The application crashes frequently and shows unexpected errors.,48,1
TKT02054,The application crashes frequently and shows unexpected errors. The issue is urgent and needs resolution soon.,49,1
TKT02055,The application crashes frequently and shows unexpected errors. The issue is urgent and needs resolution soon.,53,2
TKT02056,I have suggestions to improve the usability of the product.,13,1
TKT02057,The application crashes frequently and shows unexpected errors.,43,2
TKT02058,I have suggestions to improve the usability of the product.,19,3
TKT02059,I was charged incorrectly and need clarification on my invoice.,28,3
TKT02060,I have suggestions to improve the usability of the product.,10,3
TKT02061,I need assistance updating my account details and password.,34,3
TKT02062,I would like more information about pricing and subscription plans.,50,1
TKT02063,The application crashes frequently and shows unexpected errors.,36,1
TKT02064,I need assistance updating my account details and password. The issue is urgent and needs resolution soon.,6,2
TKT02065,I have suggestions to improve the usability of the product.,58,1
TKT02066,I have suggestions to improve the usability of the product.,19,3
TKT02067,The application crashes frequently and shows unexpected errors. The issue is urgent and needs resolution soon.,32,2
TKT02068,I need assistance updating my account details and password. The issue is urgent and needs resolution soon.,25,1
TKT02069,The application crashes frequently and shows unexpected errors. The issue is urgent and needs resolution soon.,52,0
TKT02070,I need assistance updating my account details and password.,2,0
TKT02071,The application crashes frequently and shows unexpected errors.,39,2
TKT02072,The application crashes frequently and shows unexpected errors.,18,1
TKT02073,I was charged incorrectly and need clarification on my invoice. The issue is urgent and needs resolution soon.,41,0
TKT02074,I would like more information about pricing and subscription plans. The issue is urgent and needs resolution soon.,56,4
TKT02075,I need assistance updating my account details and password. The issue is urgent and needs resolution soon.,59,4
TKT02076,I need assistance updating my account details and password.,7,3
TKT02077,I have suggestions to improve the usability of the product. The issue is urgent and needs resolution soon.,42,3
TKT02078,I have suggestions to improve the usability of the product.,33,1
TKT02079,I need assistance updating my account details and password.,21,2
TKT02080,I was charged incorrectly and need clarification on my invoice.,31,1
TKT02081,I have suggestions to improve the usability of the product.,16,0
TKT02082,I was charged incorrectly and need clarification on my invoice.,21,2
TKT02083,I was charged incorrectly and need clarification on my invoice.,29,4
TKT02084,I was charged incorrectly and need clarification on my invoice. The issue is urgent and needs resolution soon.,31,2
TKT02085,I have suggestions to improve the usability of the product.,34,6
TKT02086,I need assistance updating my account details and password.,55,1
TKT02087,I have suggestions to improve the usability of the product.,34,1
TKT02088,The application crashes frequently and shows unexpected errors. The issue is urgent and needs resolution soon.,50,0
TKT02089,I would like more information about pricing and subscription plans.,19,4
TKT02090,I have suggestions to improve the usability of the product.,24,1
TKT02091,I would like more information about pricing and subscription plans.,25,1
TKT02092,I have suggestions to improve the usability of the product. The issue is urgent and needs resolution soon.,17,2
TKT02093,I need assistance updating my account details and password.,8,4
TKT02094,I have suggestions to improve the usability of the product. The issue is urgent and needs resolution soon.,47,1
TKT02095,The application crashes frequently and shows unexpected errors.,8,1
TKT02096,I would like more information about pricing and subscription plans.,56,1
TKT02097,I would like more information about pricing and subscription plans. The issue is urgent and needs resolution soon.,8,0
TKT02098,I have suggestions to improve the usability of the product.,26,3
TKT02099,I was charged incorrectly and need clarification on my invoice.,27,4
TKT02100,I have suggestions to improve the usability of the product.,32,1
TKT02101,I have suggestions to improve the usability of the product. The issue is urgent and needs resolution soon.,19,2
TKT02102,I have suggestions to improve the usability of the product.,12,3
TKT02103,I need assistance updating my account details and password.,52,2
TKT02104,I need assistance updating my account details and password.,50,1
TKT02105,I was charged incorrectly and need clarification on my invoice.,12,3
TKT02106,I have suggestions to improve the usability of the product. The issue is urgent and needs resolution soon.,21,3
TKT02107,I need assistance updating my account details and password.,13,2
TKT02108,I need assistance updating my account details and password. The issue is urgent and needs resolution soon.,32,3
TKT02109,I need assistance updating my account details and password.,29,4
TKT02110,I have suggestions to improve the usability of the product. The issue is urgent and needs resolution soon.,2,3
TKT02111,I have suggestions to improve the usability of the product.,15,2
TKT02112,I was charged incorrectly and need clarification on my invoice. The issue is urgent and needs resolution soon.,12,3
TKT02113,I have suggestions to improve the usability of the product. The issue is urgent and needs resolution soon.,51,2
TKT02114,I have suggestions to improve the usability of the product.,57,2
TKT02115,The application crashes frequently and shows unexpected errors.,26,0
TKT02116,I need assistance updating my account details and password.,54,2
TKT02117,I have suggestions to improve the usability of the product. The issue is urgent and needs resolution soon.,59,2
TKT02118,I would like more information about pricing and subscription plans.,8,1
TKT02119,I need assistance updating my account details and password.,6,0
TKT02120,I have suggestions to improve the usability of the product.,25,2
TKT02121,I have suggestions to improve the usability of the product.,41,4
TKT02122,The application crashes frequently and shows unexpected errors. The issue is urgent and needs resolution soon.,3,2
TKT02123,I need assistance updating my account details and password. The issue is urgent and needs resolution soon.,25,2
TKT02124,I was charged incorrectly and need clarification on my invoice.,26,3
TKT02125,The application crashes frequently and shows unexpected errors. The issue is urgent and needs resolution soon.,52,2
TKT02126,I need assistance updating my account details and password.,11,2
TKT02127,I would like more information about pricing and subscription plans. The issue is urgent and needs resolution soon.,45,0
TKT02128,I would like more information about pricing and subscription plans.,59,1
TKT02129,I would like more information about pricing and subscription plans.,39,1
TKT02130,The application crashes frequently and shows unexpected errors.,42,1
TKT02131,I was charged incorrectly and need clarification on my invoice. The issue is urgent and needs resolution soon.,2,1
TKT02132,The application crashes frequently and shows unexpected errors. The issue is urgent and needs resolution soon.,41,0
TKT02133,I would like more information about pricing and subscription plans. The issue is urgent and needs resolution soon.,51,1
TKT02134,I would like more information about pricing and subscription plans.,35,2
TKT02135,I have suggestions to improve the usability of the product.,35,1
TKT02136,The application crashes frequently and shows unexpected errors.,45,1
TKT02137,The application crashes frequently and shows unexpected errors. The issue is urgent and needs resolution soon.,45,3
TKT02138,I have suggestions to improve the usability of the product. The issue is urgent and needs resolution soon.,37,4
TKT02139,I would like more information about pricing and subscription plans. The issue is urgent and needs resolution soon.,20,4
TKT02140,I would like more information about pricing and subscription plans. The issue is urgent and needs resolution soon.,55,2
TKT02141,I have suggestions to improve the usability of the product.,12,1
TKT02142,I would like more information about pricing and subscription plans.,32,2
TKT02143,The application crashes frequently and shows unexpected errors.,48,3
TKT02144,I was charged incorrectly and need clarification on my invoice.,26,2
TKT02145,I was charged incorrectly and need clarification on my invoice.,26,0
TKT02146,The application crashes frequently and shows unexpected errors. The issue is urgent and needs resolution soon.,54,1
TKT02147,I have suggestions to improve the usability of the product.,41,2
TKT02148,The application crashes frequently and shows unexpected errors.,11,2
TKT02149,I have suggestions to improve the usability of the product. The issue is urgent and needs resolution soon.,45,2
TKT02150,The application crashes frequently and shows unexpected errors. The issue is urgent and needs resolution soon.,16,5
TKT02151,I would like more information about pricing and subscription plans.,10,0
TKT02152,I have suggestions to improve the usability of the product.,21,3
TKT02153,I need assistance updating my account details and password.,22,2
TKT02154,I have suggestions to improve the usability of the product. The issue is urgent and needs resolution soon.,32,2
TKT02155,I need assistance updating my account details and password.,53,1
TKT02156,The application crashes frequently and shows unexpected errors. The issue is urgent and needs resolution soon.,20,0
TKT02157,I need assistance updating my account details and password. The issue is urgent and needs resolution soon.,23,1
TKT02158,I would like more information about pricing and subscription plans.,55,0
TKT02159,I was charged incorrectly and need clarification on my invoice. The issue is urgent and needs resolution soon.,37,1
TKT02160,The application crashes frequently and shows unexpected errors. The issue is urgent and needs resolution soon.,37,3
TKT02161,I have suggestions to improve the usability of the product.,42,1
TKT02162,I would like more information about pricing and subscription plans. The issue is urgent and needs resolution soon.,2,0
TKT02163,I have suggestions to improve the usability of the product.,18,2
TKT02164,I need assistance updating my account details and password. The issue is urgent and needs resolution soon.,53,2
TKT02165,The application crashes frequently and shows unexpected errors.,35,1
TKT02166,The application crashes frequently and shows unexpected errors.,10,2
TKT02167,I would like more information about pricing and subscription plans.,9,2
TKT02168,I have suggestions to improve the usability of the product. The issue is urgent and needs resolution soon.,21,3
TKT02169,I was charged incorrectly and need clarification on my invoice.,57,2
TKT02170,I would like more information about pricing and subscription plans. The issue is urgent and needs resolution soon.,15,1
TKT02171,I would like more information about pricing and subscription plans.,26,4
TKT02172,I have suggestions to improve the usability of the product. The issue is urgent and needs resolution soon.,12,1
TKT02173,I would like more information about pricing and subscription plans.,39,3
TKT02174,The application crashes frequently and shows unexpected errors. The issue is urgent and needs resolution soon.,18,2
TKT02175,I would like more information about pricing and subscription plans.,8,0
TKT02176,The application crashes frequently and shows unexpected errors. The issue is urgent and needs resolution soon.,50,1
TKT02177,I have suggestions to improve the usability of the product.,23,1
TKT02178,The application crashes frequently and shows unexpected errors. The issue is urgent and needs resolution soon.,38,4
TKT02179,The application crashes frequently and shows unexpected errors.,35,0
TKT02180,I was charged incorrectly and need clarification on my invoice.,18,0
TKT02181,I have suggestions to improve the usability of the product. The issue is urgent and needs resolution soon.,47,1
TKT02182,I would like more information about pricing and subscription plans.,36,2
TKT02183,I would like more information about pricing and subscription plans. The issue is urgent and needs resolution soon.,8,1
TKT02184,I have suggestions to improve the usability of the product.,24,2
TKT02185,I need assistance updating my account details and password.,36,2
TKT02186,I need assistance updating my account details and password.,12,1
TKT02187,I have suggestions to improve the usability of the product. The issue is urgent and needs resolution soon.,15,2
TKT02188,I would like more information about pricing and subscription plans.,33,3
TKT02189,I would like more information about pricing and subscription plans. The issue is urgent and needs resolution soon.,38,4
TKT02190,I would like more information about pricing and subscription plans.,46,2
TKT02191,The application crashes frequently and shows unexpected errors. The issue is urgent and needs resolution soon.,50,0
TKT02192,I have suggestions to improve the usability of the product.,31,3
TKT02193,I was charged incorrectly and need clarification on my invoice. The issue is urgent and needs resolution soon.,58,0
TKT02194,The application crashes frequently and shows unexpected errors.,48,3
TKT02195,I need assistance updating my account details and password. The issue is urgent and needs resolution soon.,31,0
TKT02196,I would like more information about pricing and subscription plans.,15,3
TKT02197,I was charged incorrectly and need clarification on my invoice.,3,1
TKT02198,I have suggestions to improve the usability of the product.,57,2
TKT02199,The application crashes frequently and shows unexpected errors. The issue is urgent and needs resolution soon.,35,2
TKT02200,The application crashes frequently and shows unexpected errors. The issue is urgent and needs resolution soon.,6,2
TKT02201,I need assistance updating my account details and password.,16,3
TKT02202,The application crashes frequently and shows unexpected errors.,18,3
TKT02203,I have suggestions to improve the usability of the product.,19,0
TKT02204,I was charged incorrectly and need clarification on my invoice.,58,2
TKT02205,The application crashes frequently and shows unexpected errors.,21,1
TKT02206,I have suggestions to improve the usability of the product.,45,2
TKT02207,The application crashes frequently and shows unexpected errors. The issue is urgent and needs resolution soon.,23,0
TKT02208,I would like more information about pricing and subscription plans. The issue is urgent and needs resolution soon.,55,0
TKT02209,I have suggestions to improve the usability of the product.,20,2
TKT02210,I would like more information about pricing and subscription plans.,18,1
TKT02211,The application crashes frequently and shows unexpected errors.,40,1
TKT02212,I need assistance updating my account details and password. The issue is urgent and needs resolution soon.,57,2
TKT02213,I have suggestions to improve the usability of the product.,5,1
TKT02214,The application crashes frequently and shows unexpected errors. The issue is urgent and needs resolution soon.,12,3
TKT02215,I was charged incorrectly and need clarification on my invoice. The issue is urgent and needs resolution soon.,30,1
TKT02216,The application crashes frequently and shows unexpected errors.,23,2
TKT02217,I would like more information about pricing and subscription plans.,36,3
TKT02218,I would like more information about pricing and subscription plans. The issue is urgent and needs resolution soon.,48,0
TKT02219,I would like more information about pricing and subscription plans. The issue is urgent and needs resolution soon.,52,2
TKT02220,I have suggestions to improve the usability of the product. The issue is urgent and needs resolution soon.,16,1
TKT02221,I was charged incorrectly and need clarification on my invoice.,9,0
TKT02222,The application crashes frequently and shows unexpected errors. The issue is urgent and needs resolution soon.,15,1
TKT02223,The application crashes frequently and shows unexpected errors. The issue is urgent and needs resolution soon.,3,0
TKT02224,I need assistance updating my account details and password.,58,1
TKT02225,I have suggestions to improve the usability of the product.,45,3
TKT02226,I have suggestions to improve the usability of the product. The issue is urgent and needs resolution soon.,19,1
TKT02227,The application crashes frequently and shows unexpected errors.,29,0
TKT02228,I need assistance updating my account details and password.,19,3
TKT02229,I have suggestions to improve the usability of the product. The issue is urgent and needs resolution soon.,36,0
TKT02230,I need assistance updating my account details and password.,44,1
TKT02231,I need assistance updating my account details and password.,53,2
TKT02232,The application crashes frequently and shows unexpected errors. The issue is urgent and needs resolution soon.,31,2
TKT02233,I need assistance updating my account details and password.,14,2
TKT02234,I would like more information about pricing and subscription plans. The issue is urgent and needs resolution soon.,30,3
TKT02235,I have suggestions to improve the usability of the product.,13,1
TKT02236,I need assistance updating my account details and password.,6,4
TKT02237,I would like more information about pricing and subscription plans.,45,2
TKT02238,The application crashes frequently and shows unexpected errors.,42,5
TKT02239,I need assistance updating my account details and password. The issue is urgent and needs resolution soon.,45,2
TKT02240,I would like more information about pricing and subscription plans. The issue is urgent and needs resolution soon.,3,3
TKT02241,I was charged incorrectly and need clarification on my invoice.,58,3
TKT02242,I need assistance updating my account details and password.,24,1
TKT02243,I would like more information about pricing and subscription plans.,17,2
TKT02244,I have suggestions to improve the usability of the product.,28,4
TKT02245,I was charged incorrectly and need clarification on my invoice. The issue is urgent and needs resolution soon.,40,1
TKT02246,The application crashes frequently and shows unexpected errors.,48,2
TKT02247,I need assistance updating my account details and password. The issue is urgent and needs resolution soon.,53,4
TKT02248,I was charged incorrectly and need clarification on my invoice.,27,4
TKT02249,I have suggestions to improve the usability of the product.,45,2
TKT02250,I was charged incorrectly and need clarification on my invoice.,7,2
TKT02251,I need assistance updating my account details and password. The issue is urgent and needs resolution soon.,43,0
TKT02252,I have suggestions to improve the usability of the product.,11,1
TKT02253,I was charged incorrectly and need clarification on my invoice. The issue is urgent and needs resolution soon.,45,1
TKT02254,I have suggestions to improve the usability of the product.,12,3
TKT02255,I would like more information about pricing and subscription plans. The issue is urgent and needs resolution soon.,36,3
TKT02256,I have suggestions to improve the usability of the product. The issue is urgent and needs resolution soon.,20,2
TKT02257,I need assistance updating my account details and password.,10,1
TKT02258,I was charged incorrectly and need clarification on my invoice.,42,3
TKT02259,I would like more information about pricing and subscription plans. The issue is urgent and needs resolution soon.,15,3
TKT02260,I was charged incorrectly and need clarification on my invoice.,40,3
TKT02261,I would like more information about pricing and subscription plans. The issue is urgent and needs resolution soon.,44,2
TKT02262,The application crashes frequently and shows unexpected errors.,3,1
TKT02263,The application crashes frequently and shows unexpected errors. The issue is urgent and needs resolution soon.,22,0
TKT02264,I would like more information about pricing and subscription plans.,15,3
TKT02265,The application crashes frequently and shows unexpected errors. The issue is urgent and needs resolution soon.,42,5
TKT02266,I have suggestions to improve the usability of the product. The issue is urgent and needs resolution soon.,29,2
TKT02267,I was charged incorrectly and need clarification on my invoice.,30,1
TKT02268,I have suggestions to improve the usability of the product.,36,3
TKT02269,The application crashes frequently and shows unexpected errors.,39,1
TKT02270,I have suggestions to improve the usability of the product.,17,2
TKT02271,I would like more information about pricing and subscription plans.,16,0
TKT02272,I was charged incorrectly and need clarification on my invoice. The issue is urgent and needs resolution soon.,58,3
TKT02273,I would like more information about pricing and subscription plans. The issue is urgent and needs resolution soon.,12,2
TKT02274,I need assistance updating my account details and password.,48,0
TKT02275,I was charged incorrectly and need clarification on my invoice. The issue is urgent and needs resolution soon.,10,2
TKT02276,I was charged incorrectly and need clarification on my invoice.,25,2
TKT02277,I would like more information about pricing and subscription plans.,3,2
TKT02278,The application crashes frequently and shows unexpected errors. The issue is urgent and needs resolution soon.,20,3
TKT02279,I need assistance updating my account details and password. The issue is urgent and needs resolution soon.,29,0
TKT02280,I have suggestions to improve the usability of the product.,6,2
TKT02281,I was charged incorrectly and need clarification on my invoice. The issue is urgent and needs resolution soon.,33,2
TKT02282,The application crashes frequently and shows unexpected errors. The issue is urgent and needs resolution soon.,38,3
TKT02283,I need assistance updating my account details and password.,16,1
TKT02284,I have suggestions to improve the usability of the product.,14,3
TKT02285,I have suggestions to improve the usability of the product. The issue is urgent and needs resolution soon.,25,2
TKT02286,I would like more information about pricing and subscription plans. The issue is urgent and needs resolution soon.,11,1
TKT02287,I have suggestions to improve the usability of the product. The issue is urgent and needs resolution soon.,24,3
TKT02288,I would like more information about pricing and subscription plans. The issue is urgent and needs resolution soon.,5,2
TKT02289,I have suggestions to improve the usability of the product.,1,6
TKT02290,The application crashes frequently and shows unexpected errors.,35,2
TKT02291,The application crashes frequently and shows unexpected errors.,34,1
TKT02292,I need assistance updating my account details and password.,22,2
TKT02293,I need assistance updating my account details and password.,47,0
TKT02294,The application crashes frequently and shows unexpected errors. The issue is urgent and needs resolution soon.,15,1
TKT02295,The application crashes frequently and shows unexpected errors.,29,3
TKT02296,The application crashes frequently and shows unexpected errors.,14,4
TKT02297,I was charged incorrectly and need clarification on my invoice.,5,1
TKT02298,I would like more information about pricing and subscription plans.,31,2
TKT02299,I need assistance updating my account details and password. The issue is urgent and needs resolution soon.,3,2
TKT02300,I need assistance updating my account details and password.,58,6
TKT02301,I need assistance updating my account details and password.,50,4
TKT02302,I would like more information about pricing and subscription plans.,18,4
TKT02303,The application crashes frequently and shows unexpected errors.,54,3
TKT02304,I would like more information about pricing and subscription plans.,14,2
TKT02305,I need assistance updating my account details and password. The issue is urgent and needs resolution soon.,26,1
TKT02306,I need assistance updating my account details and password. The issue is urgent and needs resolution soon.,33,1
TKT02307,I have suggestions to improve the usability of the product.,48,2
TKT02308,I was charged incorrectly and need clarification on my invoice.,19,0
TKT02309,I need assistance updating my account details and password.,43,2
TKT02310,I would like more information about pricing and subscription plans.,48,1
TKT02311,I have suggestions to improve the usability of the product.,37,4
TKT02312,I have suggestions to improve the usability of the product.,9,3
TKT02313,I would like more information about pricing and subscription plans.,1,7
TKT02314,I need assistance updating my account details and password. The issue is urgent and needs resolution soon.,42,3
TKT02315,I was charged incorrectly and need clarification on my invoice. The issue is urgent and needs resolution soon.,30,2
TKT02316,I was charged incorrectly and need clarification on my invoice.,41,2
TKT02317,I was charged incorrectly and need clarification on my invoice.,4,0
TKT02318,I would like more information about pricing and subscription plans.,43,2
TKT02319,The application crashes frequently and shows unexpected errors. The issue is urgent and needs resolution soon.,16,2
TKT02320,I would like more information about pricing and subscription plans.,22,6
TKT02321,I have suggestions to improve the usability of the product.,30,3
TKT02322,I need assistance updating my account details and password.,41,2
TKT02323,The application crashes frequently and shows unexpected errors.,13,2
TKT02324,I have suggestions to improve the usability of the product.,21,2
TKT02325,I was charged incorrectly and need clarification on my invoice. The issue is urgent and needs resolution soon.,35,2
TKT02326,I need assistance updating my account details and password.,8,3
TKT02327,I need assistance updating my account details and password.,41,3
TKT02328,The application crashes frequently and shows unexpected errors. The issue is urgent and needs resolution soon.,35,1
TKT02329,I have suggestions to improve the usability of the product.,5,3
TKT02330,I would like more information about pricing and subscription plans. The issue is urgent and needs resolution soon.,33,4
TKT02331,I would like more information about pricing and subscription plans. The issue is urgent and needs resolution soon.,22,6
TKT02332,The application crashes frequently and shows unexpected errors.,35,2
TKT02333,I was charged incorrectly and need clarification on my invoice.,24,2
TKT02334,I need assistance updating my account details and password.,11,1
TKT02335,I need assistance updating my account details and password.,27,1
TKT02336,The application crashes frequently and shows unexpected errors.,2,1
TKT02337,The application crashes frequently and shows unexpected errors. The issue is urgent and needs resolution soon.,18,0
TKT02338,I have suggestions to improve the usability of the product.,11,1
TKT02339,I have suggestions to improve the usability of the product.,28,0
TKT02340,I was charged incorrectly and need clarification on my invoice.,3,3
TKT02341,I would like more information about pricing and subscription plans. The issue is urgent and needs resolution soon.,3,0
TKT02342,I have suggestions to improve the usability of the product. The issue is urgent and needs resolution soon.,47,4
TKT02343,I would like more information about pricing and subscription plans.,39,3
TKT02344,I was charged incorrectly and need clarification on my invoice.,27,2
TKT02345,I was charged incorrectly and need clarification on my invoice. The issue is urgent and needs resolution soon.,53,0
TKT02346,I have suggestions to improve the usability of the product. The issue is urgent and needs resolution soon.,52,1
TKT02347,I was charged incorrectly and need clarification on my invoice.,56,2
TKT02348,I have suggestions to improve the usability of the product.,15,1
TKT02349,I need assistance updating my account details and password. The issue is urgent and needs resolution soon.,11,1
TKT02350,I have suggestions to improve the usability of the product. The issue is urgent and needs resolution soon.,45,5
TKT02351,I need assistance updating my account details and password.,44,4
TKT02352,I need assistance updating my account details and password.,15,1
TKT02353,I have suggestions to improve the usability of the product.,47,9
TKT02354,I was charged incorrectly and need clarification on my invoice. The issue is urgent and needs resolution soon.,17,2
TKT02355,The application crashes frequently and shows unexpected errors. The issue is urgent and needs resolution soon.,59,1
TKT02356,I would like more information about pricing and subscription plans.,18,6
TKT02357,I was charged incorrectly and need clarification on my invoice. The issue is urgent and needs resolution soon.,5,5
TKT02358,I need assistance updating my account details and password.,24,1
TKT02359,I was charged incorrectly and need clarification on my invoice.,47,2
TKT02360,I have suggestions to improve the usability of the product.,15,2
TKT02361,I would like more information about pricing and subscription plans.,5,1
TKT02362,I have suggestions to improve the usability of the product.,16,1
TKT02363,I would like more information about pricing and subscription plans.,12,1
TKT02364,The application crashes frequently and shows unexpected errors. The issue is urgent and needs resolution soon.,38,2
TKT02365,I would like more information about pricing and subscription plans.,41,1
TKT02366,I have suggestions to improve the usability of the product.,46,4
TKT02367,I was charged incorrectly and need clarification on my invoice.,6,1
TKT02368,I need assistance updating my account details and password.,36,0
TKT02369,I need assistance updating my account details and password.,7,1
TKT02370,I have suggestions to improve the usability of the product.,26,2
TKT02371,I was charged incorrectly and need clarification on my invoice. The issue is urgent and needs resolution soon.,6,3
TKT02372,I need assistance updating my account details and password. The issue is urgent and needs resolution soon.,55,2
TKT02373,The application crashes frequently and shows unexpected errors. The issue is urgent and needs resolution soon.,4,7
TKT02374,I need assistance updating my account details and password. The issue is urgent and needs resolution soon.,55,2
TKT02375,I need assistance updating my account details and password.,30,3
TKT02376,I need assistance updating my account details and password. The issue is urgent and needs resolution soon.,27,1
TKT02377,I need assistance updating my account details and password.,12,3
TKT02378,I need assistance updating my account details and password. The issue is urgent and needs resolution soon.,18,3
TKT02379,I have suggestions to improve the usability of the product. The issue is urgent and needs resolution soon.,4,2
TKT02380,I would like more information about pricing and subscription plans. The issue is urgent and needs resolution soon.,54,0
TKT02381,I was charged incorrectly and need clarification on my invoice.,31,3
TKT02382,I have suggestions to improve the usability of the product.,2,7
TKT02383,I was charged incorrectly and need clarification on my invoice.,59,1
TKT02384,I have suggestions to improve the usability of the product.,57,2
TKT02385,I would like more information about pricing and subscription plans.,25,5
TKT02386,I was charged incorrectly and need clarification on my invoice.,27,5
TKT02387,I have suggestions to improve the usability of the product.,19,3
TKT02388,I need assistance updating my account details and password. The issue is urgent and needs resolution soon.,26,2
TKT02389,I would like more information about pricing and subscription plans.,9,2
TKT02390,I was charged incorrectly and need clarification on my invoice. The issue is urgent and needs resolution soon.,44,1
TKT02391,I have suggestions to improve the usability of the product.,45,2
TKT02392,I was charged incorrectly and need clarification on my invoice.,56,1
TKT02393,I was charged incorrectly and need clarification on my invoice.,47,3
TKT02394,I need assistance updating my account details and password.,1,0
TKT02395,I would like more information about pricing and subscription plans. The issue is urgent and needs resolution soon.,11,2
TKT02396,I have suggestions to improve the usability of the product.,45,1
TKT02397,The application crashes frequently and shows unexpected errors.,26,1
TKT02398,The application crashes frequently and shows unexpected errors.,21,3
TKT02399,I have suggestions to improve the usability of the product.,16,1
TKT02400,The application crashes frequently and shows unexpected errors. The issue is urgent and needs resolution soon.,42,2
TKT02401,I was charged incorrectly and need clarification on my invoice.,20,2
TKT02402,I would like more information about pricing and subscription plans.,56,1
TKT02403,I need assistance updating my account details and password. The issue is urgent and needs resolution soon.,39,6
TKT02404,I was charged incorrectly and need clarification on my invoice. The issue is urgent and needs resolution soon.,39,1
TKT02405,The application crashes frequently and shows unexpected errors. The issue is urgent and needs resolution soon.,46,1
TKT02406,I need assistance updating my account details and password.,46,1
TKT02407,I was charged incorrectly and need clarification on my invoice. The issue is urgent and needs resolution soon.,20,1
TKT02408,I have suggestions to improve the usability of the product. The issue is urgent and needs resolution soon.,28,3
TKT02409,I would like more information about pricing and subscription plans. The issue is urgent and needs resolution soon.,5,5
TKT02410,I need assistance updating my account details and password.,57,0
TKT02411,I need assistance updating my account details and password. The issue is urgent and needs resolution soon.,43,4
TKT02412,I would like more information about pricing and subscription plans. The issue is urgent and needs resolution soon.,20,2
TKT02413,I have suggestions to improve the usability of the product.,45,3
TKT02414,I would like more information about pricing and subscription plans.,46,3
TKT02415,I need assistance updating my account details and password. The issue is urgent and needs resolution soon.,26,1
TKT02416,I was charged incorrectly and need clarification on my invoice.,18,2
TKT02417,I would like more information about pricing and subscription plans.,52,1
TKT02418,I need assistance updating my account details and password. The issue is urgent and needs resolution soon.,30,2
TKT02419,I was charged incorrectly and need clarification on my invoice. The issue is urgent and needs resolution soon.,54,1
TKT02420,I was charged incorrectly and need clarification on my invoice.,37,0
TKT02421,The application crashes frequently and shows unexpected errors.,30,1
TKT02422,I was charged incorrectly and need clarification on my invoice.,53,2
TKT02423,I would like more information about pricing and subscription plans. The issue is urgent and needs resolution soon.,45,3
TKT02424,I was charged incorrectly and need clarification on my invoice.,24,1
TKT02425,I have suggestions to improve the usability of the product.,48,3
TKT02426,I need assistance updating my account details and password.,35,1
TKT02427,I have suggestions to improve the usability of the product.,26,2
TKT02428,I need assistance updating my account details and password.,54,4
TKT02429,I have suggestions to improve the usability of the product.,56,2
TKT02430,I need assistance updating my account details and password. The issue is urgent and needs resolution soon.,46,1
TKT02431,I would like more information about pricing and subscription plans.,44,2
TKT02432,The application crashes frequently and shows unexpected errors.,36,3
TKT02433,I have suggestions to improve the usability of the product. The issue is urgent and needs resolution soon.,4,3
TKT02434,I would like more information about pricing and subscription plans. The issue is urgent and needs resolution soon.,17,2
TKT02435,I would like more information about pricing and subscription plans.,58,2
TKT02436,I need assistance updating my account details and password.,18,1
TKT02437,I have suggestions to improve the usability of the product. The issue is urgent and needs resolution soon.,31,0
TKT02438,I would like more information about pricing and subscription plans.,21,2
TKT02439,I was charged incorrectly and need clarification on my invoice.,50,2
TKT02440,I was charged incorrectly and need clarification on my invoice.,11,0
TKT02441,I need assistance updating my account details and password. The issue is urgent and needs resolution soon.,25,2
TKT02442,I have suggestions to improve the usability of the product. The issue is urgent and needs resolution soon.,44,1
TKT02443,I would like more information about pricing and subscription plans. The issue is urgent and needs resolution soon.,31,3
TKT02444,The application crashes frequently and shows unexpected errors.,10,1
TKT02445,The application crashes frequently and shows unexpected errors.,12,2
TKT02446,I have suggestions to improve the usability of the product.,8,2
TKT02447,I would like more information about pricing and subscription plans.,4,3
TKT02448,I would like more information about pricing and subscription plans. The issue is urgent and needs resolution soon.,47,1
TKT02449,I have suggestions to improve the usability of the product. The issue is urgent and needs resolution soon.,29,1
TKT02450,The application crashes frequently and shows unexpected errors. The issue is urgent and needs resolution soon.,15,5
TKT02451,The application crashes frequently and shows unexpected errors.,38,1
TKT02452,I have suggestions to improve the usability of the product.,1,3
TKT02453,I would like more information about pricing and subscription plans.,46,2
TKT02454,I would like more information about pricing and subscription plans.,29,2
TKT02455,The application crashes frequently and shows unexpected errors. The issue is urgent and needs resolution soon.,13,1
TKT02456,I would like more information about pricing and subscription plans. The issue is urgent and needs resolution soon.,36,2
TKT02457,I have suggestions to improve the usability of the product. The issue is urgent and needs resolution soon.,59,2
TKT02458,The application crashes frequently and shows unexpected errors.,13,1
TKT02459,I have suggestions to improve the usability of the product. The issue is urgent and needs resolution soon.,52,0
TKT02460,I would like more information about pricing and subscription plans. The issue is urgent and needs resolution soon.,5,3
TKT02461,I have suggestions to improve the usability of the product. The issue is urgent and needs resolution soon.,33,1
TKT02462,I was charged incorrectly and need clarification on my invoice.,43,5
TKT02463,I was charged incorrectly and need clarification on my invoice. The issue is urgent and needs resolution soon.,20,4
TKT02464,The application crashes frequently and shows unexpected errors. The issue is urgent and needs resolution soon.,57,4
TKT02465,I was charged incorrectly and need clarification on my invoice.,59,1
TKT02466,I was charged incorrectly and need clarification on my invoice.,21,1
TKT02467,I would like more information about pricing and subscription plans.,9,3
TKT02468,I need assistance updating my account details and password.,38,2
TKT02469,I have suggestions to improve the usability of the product. The issue is urgent and needs resolution soon.,20,2
TKT02470,I need assistance updating my account details and password. The issue is urgent and needs resolution soon.,15,1
TKT02471,The application crashes frequently and shows unexpected errors. The issue is urgent and needs resolution soon.,30,3
TKT02472,I have suggestions to improve the usability of the product. The issue is urgent and needs resolution soon.,41,1
TKT02473,The application crashes frequently and shows unexpected errors. The issue is urgent and needs resolution soon.,42,0
TKT02474,The application crashes frequently and shows unexpected errors.,34,0
TKT02475,I was charged incorrectly and need clarification on my invoice. The issue is urgent and needs resolution soon.,55,2
TKT02476,I have suggestions to improve the usability of the product.,18,5
TKT02477,I was charged incorrectly and need clarification on my invoice.,9,2
TKT02478,The application crashes frequently and shows unexpected errors. The issue is urgent and needs resolution soon.,17,5
TKT02479,I have suggestions to improve the usability of the product.,39,1
TKT02480,I would like more information about pricing and subscription plans. The issue is urgent and needs resolution soon.,46,3
TKT02481,The application crashes frequently and shows unexpected errors.,37,2
TKT02482,I would like more information about pricing and subscription plans. The issue is urgent and needs resolution soon.,20,5
TKT02483,I have suggestions to improve the usability of the product. The issue is urgent and needs resolution soon.,15,0
TKT02484,I have suggestions to improve the usability of the product. The issue is urgent and needs resolution soon.,21,2
TKT02485,I have suggestions to improve the usability of the product.,37,1
TKT02486,I need assistance updating my account details and password. The issue is urgent and needs resolution soon.,52,0
TKT02487,The application crashes frequently and shows unexpected errors.,51,0
TKT02488,The application crashes frequently and shows unexpected errors.,46,1
TKT02489,I was charged incorrectly and need clarification on my invoice.,10,0
TKT02490,The application crashes frequently and shows unexpected errors. The issue is urgent and needs resolution soon.,20,4
TKT02491,I have suggestions to improve the usability of the product.,35,3
TKT02492,I was charged incorrectly and need clarification on my invoice.,12,2
TKT02493,The application crashes frequently and shows unexpected errors.,36,1
TKT02494,I need assistance updating my account details and password.,48,1
TKT02495,I need assistance updating my account details and password.,45,2
TKT02496,I would like more information about pricing and subscription plans.,54,1
TKT02497,I was charged incorrectly and need clarification on my invoice.,47,0
TKT02498,I need assistance updating my account details and password. The issue is urgent and needs resolution soon.,38,2
TKT02499,I was charged incorrectly and need clarification on my invoice.,18,2
TKT02500,I have suggestions to improve the usability of the product.,7,1
TKT02501,I have suggestions to improve the usability of the product. The issue is urgent and needs resolution soon.,21,1
TKT02502,The application crashes frequently and shows unexpected errors.,6,0
TKT02503,I would like more information about pricing and subscription plans. The issue is urgent and needs resolution soon.,40,2
TKT02504,I was charged incorrectly and need clarification on my invoice.,55,0
TKT02505,I have suggestions to improve the usability of the product. The issue is urgent and needs resolution soon.,54,1
TKT02506,I would like more information about pricing and subscription plans.,42,4
TKT02507,I need assistance updating my account details and password.,40,0
TKT02508,I have suggestions to improve the usability of the product. The issue is urgent and needs resolution soon.,10,1
TKT02509,The application crashes frequently and shows unexpected errors. The issue is urgent and needs resolution soon.,13,0
TKT02510,I have suggestions to improve the usability of the product. The issue is urgent and needs resolution soon.,44,2
TKT02511,I was charged incorrectly and need clarification on my invoice.,41,2
TKT02512,I was charged incorrectly and need clarification on my invoice.,34,3
TKT02513,I was charged incorrectly and need clarification on my invoice.,9,3
TKT02514,I have suggestions to improve the usability of the product.,3,4
TKT02515,I need assistance updating my account details and password.,27,3
TKT02516,I have suggestions to improve the usability of the product.,45,3
TKT02517,I have suggestions to improve the usability of the product. The issue is urgent and needs resolution soon.,57,2
TKT02518,I was charged incorrectly and need clarification on my invoice.,2,1
TKT02519,I was charged incorrectly and need clarification on my invoice.,13,3
TKT02520,I need assistance updating my account details and password. The issue is urgent and needs resolution soon.,44,2
TKT02521,I have suggestions to improve the usability of the product.,50,1
TKT02522,I have suggestions to improve the usability of the product. The issue is urgent and needs resolution soon.,30,4
TKT02523,The application crashes frequently and shows unexpected errors. The issue is urgent and needs resolution soon.,34,4
TKT02524,I need assistance updating my account details and password.,24,1
TKT02525,I was charged incorrectly and need clarification on my invoice.,33,2
TKT02526,I was charged incorrectly and need clarification on my invoice. The issue is urgent and needs resolution soon.,31,1
TKT02527,I was charged incorrectly and need clarification on my invoice. The issue is urgent and needs resolution soon.,50,1
TKT02528,The application crashes frequently and shows unexpected errors. The issue is urgent and needs resolution soon.,55,2
TKT02529,I need assistance updating my account details and password.,45,1
TKT02530,I would like more information about pricing and subscription plans. The issue is urgent and needs resolution soon.,50,3
TKT02531,The application crashes frequently and shows unexpected errors. The issue is urgent and needs resolution soon.,36,4
TKT02532,I would like more information about pricing and subscription plans. The issue is urgent and needs resolution soon.,20,2
TKT02533,I need assistance updating my account details and password.,26,3
TKT02534,I was charged incorrectly and need clarification on my invoice.,32,1
TKT02535,I need assistance updating my account details and password. The issue is urgent and needs resolution soon.,9,5
TKT02536,I was charged incorrectly and need clarification on my invoice. The issue is urgent and needs resolution soon.,21,0
TKT02537,The application crashes frequently and shows unexpected errors. The issue is urgent and needs resolution soon.,59,1
TKT02538,The application crashes frequently and shows unexpected errors. The issue is urgent and needs resolution soon.,25,4
TKT02539,I need assistance updating my account details and password. The issue is urgent and needs resolution soon.,8,2
TKT02540,I would like more information about pricing and subscription plans. The issue is urgent and needs resolution soon.,35,3
TKT02541,I have suggestions to improve the usability of the product. The issue is urgent and needs resolution soon.,8,1
TKT02542,The application crashes frequently and shows unexpected errors.,49,1
TKT02543,I have suggestions to improve the usability of the product.,8,0
TKT02544,I need assistance updating my account details and password.,58,2
TKT02545,I need assistance updating my account details and password. The issue is urgent and needs resolution soon.,29,3
TKT02546,I was charged incorrectly and need clarification on my invoice. The issue is urgent and needs resolution soon.,54,2
TKT02547,I was charged incorrectly and need clarification on my invoice. The issue is urgent and needs resolution soon.,5,1
TKT02548,I need assistance updating my account details and password.,7,1
TKT02549,The application crashes frequently and shows unexpected errors.,12,2
TKT02550,I would like more information about pricing and subscription plans.,55,3
TKT02551,I would like more information about pricing and subscription plans.,9,1
TKT02552,I would like more information about pricing and subscription plans.,50,1
TKT02553,I have suggestions to improve the usability of the product.,28,0
TKT02554,I would like more information about pricing and subscription plans.,10,1
TKT02555,I was charged incorrectly and need clarification on my invoice.,19,0
TKT02556,I was charged incorrectly and need clarification on my invoice. The issue is urgent and needs resolution soon.,31,0
TKT02557,I would like more information about pricing and subscription plans.,30,0
TKT02558,The application crashes frequently and shows unexpected errors.,31,0
TKT02559,I was charged incorrectly and need clarification on my invoice. The issue is urgent and needs resolution soon.,1,1
TKT02560,I would like more information about pricing and subscription plans.,38,2
TKT02561,I have suggestions to improve the usability of the product. The issue is urgent and needs resolution soon.,41,0
TKT02562,The application crashes frequently and shows unexpected errors.,36,4
TKT02563,I need assistance updating my account details and password.,32,6
TKT02564,The application crashes frequently and shows unexpected errors.,36,2
TKT02565,I have suggestions to improve the usability of the product. The issue is urgent and needs resolution soon.,56,1
TKT02566,I have suggestions to improve the usability of the product.,4,1
TKT02567,The application crashes frequently and shows unexpected errors.,54,2
TKT02568,The application crashes frequently and shows unexpected errors. The issue is urgent and needs resolution soon.,21,1
TKT02569,The application crashes frequently and shows unexpected errors. The issue is urgent and needs resolution soon.,23,3
TKT02570,I have suggestions to improve the usability of the product.,32,1
TKT02571,I would like more information about pricing and subscription plans. The issue is urgent and needs resolution soon.,45,1
TKT02572,I was charged incorrectly and need clarification on my invoice.,24,1
TKT02573,I would like more information about pricing and subscription plans. The issue is urgent and needs resolution soon.,40,2
TKT02574,I would like more information about pricing and subscription plans. The issue is urgent and needs resolution soon.,39,2
TKT02575,I would like more information about pricing and subscription plans.,10,8
TKT02576,I have suggestions to improve the usability of the product.,44,2
TKT02577,I need assistance updating my account details and password.,39,2
TKT02578,I would like more information about pricing and subscription plans. The issue is urgent and needs resolution soon.,17,2
TKT02579,I need assistance updating my account details and password.,42,1
TKT02580,I have suggestions to improve the usability of the product.,3,1
TKT02581,I have suggestions to improve the usability of the product.,44,2
TKT02582,I have suggestions to improve the usability of the product. The issue is urgent and needs resolution soon.,14,2
TKT02583,I would like more information about pricing and subscription plans. The issue is urgent and needs resolution soon.,45,5
TKT02584,I would like more information about pricing and subscription plans. The issue is urgent and needs resolution soon.,4,1
TKT02585,I would like more information about pricing and subscription plans.,8,4
TKT02586,I have suggestions to improve the usability of the product. The issue is urgent and needs resolution soon.,8,1
TKT02587,I would like more information about pricing and subscription plans. The issue is urgent and needs resolution soon.,50,4
TKT02588,I have suggestions to improve the usability of the product.,30,2
TKT02589,I was charged incorrectly and need clarification on my invoice.,27,2
TKT02590,I was charged incorrectly and need clarification on my invoice. The issue is urgent and needs resolution soon.,9,0
TKT02591,I have suggestions to improve the usability of the product. The issue is urgent and needs resolution soon.,57,1
TKT02592,I was charged incorrectly and need clarification on my invoice. The issue is urgent and needs resolution soon.,59,0
TKT02593,I would like more information about pricing and subscription plans. The issue is urgent and needs resolution soon.,4,3
TKT02594,The application crashes frequently and shows unexpected errors. The issue is urgent and needs resolution soon.,17,2
TKT02595,The application crashes frequently and shows unexpected errors.,16,4
TKT02596,The application crashes frequently and shows unexpected errors.,4,2
TKT02597,I have suggestions to improve the usability of the product. The issue is urgent and needs resolution soon.,20,4
TKT02598,I was charged incorrectly and need clarification on my invoice. The issue is urgent and needs resolution soon.,4,4
TKT02599,I would like more information about pricing and subscription plans.,44,3
TKT02600,I have suggestions to improve the usability of the product.,9,3
TKT02601,I would like more information about pricing and subscription plans. The issue is urgent and needs resolution soon.,9,2
TKT02602,I was charged incorrectly and need clarification on my invoice.,59,4
TKT02603,I would like more information about pricing and subscription plans. The issue is urgent and needs resolution soon.,27,1
TKT02604,The application crashes frequently and shows unexpected errors. The issue is urgent and needs resolution soon.,40,2
TKT02605,The application crashes frequently and shows unexpected errors.,53,0
TKT02606,I have suggestions to improve the usability of the product.,25,1
TKT02607,I would like more information about pricing and subscription plans.,19,2
TKT02608,The application crashes frequently and shows unexpected errors.,43,2
TKT02609,I need assistance updating my account details and password.,27,1
TKT02610,I need assistance updating my account details and password.,10,5
TKT02611,I was charged incorrectly and need clarification on my invoice. The issue is urgent and needs resolution soon.,14,3
TKT02612,I was charged incorrectly and need clarification on my invoice.,39,3
TKT02613,I have suggestions to improve the usability of the product. The issue is urgent and needs resolution soon.,45,4
TKT02614,I need assistance updating my account details and password.,37,2
TKT02615,I would like more information about pricing and subscription plans.,6,1
TKT02616,I was charged incorrectly and need clarification on my invoice. The issue is urgent and needs resolution soon.,37,1
TKT02617,I would like more information about pricing and subscription plans.,15,2
TKT02618,I was charged incorrectly and need clarification on my invoice.,18,1
TKT02619,The application crashes frequently and shows unexpected errors. The issue is urgent and needs resolution soon.,2,0
TKT02620,I have suggestions to improve the usability of the product. The issue is urgent and needs resolution soon.,20,1
TKT02621,I was charged incorrectly and need clarification on my invoice. The issue is urgent and needs resolution soon.,15,0
TKT02622,I would like more information about pricing and subscription plans.,17,1
TKT02623,I would like more information about pricing and subscription plans.,17,3
TKT02624,I have suggestions to improve the usability of the product. The issue is urgent and needs resolution soon.,20,5
TKT02625,I would like more information about pricing and subscription plans.,1,2
TKT02626,I need assistance updating my account details and password.,43,2
TKT02627,The application crashes frequently and shows unexpected errors.,5,1
TKT02628,The application crashes frequently and shows unexpected errors.,2,2
TKT02629,I have suggestions to improve the usability of the product.,20,2
TKT02630,I was charged incorrectly and need clarification on my invoice.,35,3
TKT02631,I was charged incorrectly and need clarification on my invoice. The issue is urgent and needs resolution soon.,46,4
TKT02632,I need assistance updating my account details and password. The issue is urgent and needs resolution soon.,56,1
TKT02633,I have suggestions to improve the usability of the product.,32,4
TKT02634,I have suggestions to improve the usability of the product.,11,2
TKT02635,I would like more information about pricing and subscription plans. The issue is urgent and needs resolution soon.,15,1
TKT02636,The application crashes frequently and shows unexpected errors.,38,2
TKT02637,I would like more information about pricing and subscription plans. The issue is urgent and needs resolution soon.,3,1
TKT02638,The application crashes frequently and shows unexpected errors. The issue is urgent and needs resolution soon.,48,1
TKT02639,I would like more information about pricing and subscription plans.,36,1
TKT02640,I have suggestions to improve the usability of the product.,14,4
TKT02641,The application crashes frequently and shows unexpected errors.,29,0
TKT02642,I was charged incorrectly and need clarification on my invoice. The issue is urgent and needs resolution soon.,16,0
TKT02643,I was charged incorrectly and need clarification on my invoice.,36,2
TKT02644,I have suggestions to improve the usability of the product.,10,2
TKT02645,I have suggestions to improve the usability of the product.,19,1
TKT02646,I have suggestions to improve the usability of the product.,29,1
TKT02647,I need assistance updating my account details and password.,12,4
TKT02648,I have suggestions to improve the usability of the product.,39,3
TKT02649,I have suggestions to improve the usability of the product.,44,1
TKT02650,I would like more information about pricing and subscription plans.,4,1
TKT02651,The application crashes frequently and shows unexpected errors.,10,0
TKT02652,I would like more information about pricing and subscription plans.,35,1
TKT02653,I would like more information about pricing and subscription plans. The issue is urgent and needs resolution soon.,8,1
TKT02654,The application crashes frequently and shows unexpected errors. The issue is urgent and needs resolution soon.,31,1
TKT02655,I was charged incorrectly and need clarification on my invoice. The issue is urgent and needs resolution soon.,38,1
TKT02656,I would like more information about pricing and subscription plans.,35,3
TKT02657,I need assistance updating my account details and password.,1,3
TKT02658,I would like more information about pricing and subscription plans. The issue is urgent and needs resolution soon.,19,1
TKT02659,I would like more information about pricing and subscription plans.,30,1
TKT02660,The application crashes frequently and shows unexpected errors. The issue is urgent and needs resolution soon.,53,3
TKT02661,The application crashes frequently and shows unexpected errors.,5,3
TKT02662,I was charged incorrectly and need clarification on my invoice.,2,1
TKT02663,I would like more information about pricing and subscription plans. The issue is urgent and needs resolution soon.,48,4
TKT02664,I need assistance updating my account details and password. The issue is urgent and needs resolution soon.,24,1
TKT02665,I have suggestions to improve the usability of the product. The issue is urgent and needs resolution soon.,21,0
TKT02666,I need assistance updating my account details and password.,49,0
TKT02667,I was charged incorrectly and need clarification on my invoice.,50,1
TKT02668,I was charged incorrectly and need clarification on my invoice.,24,2
TKT02669,I need assistance updating my account details and password.,19,4
TKT02670,I have suggestions to improve the usability of the product.,16,2
TKT02671,The application crashes frequently and shows unexpected errors. The issue is urgent and needs resolution soon.,56,0
TKT02672,I would like more information about pricing and subscription plans. The issue is urgent and needs resolution soon.,51,1
TKT02673,I was charged incorrectly and need clarification on my invoice.,47,2
TKT02674,The application crashes frequently and shows unexpected errors. The issue is urgent and needs resolution soon.,23,3
TKT02675,I would like more information about pricing and subscription plans.,58,2
TKT02676,The application crashes frequently and shows unexpected errors.,50,1
TKT02677,I have suggestions to improve the usability of the product.,19,3
TKT02678,I was charged incorrectly and need clarification on my invoice. The issue is urgent and needs resolution soon.,55,3
TKT02679,I have suggestions to improve the usability of the product.,24,2
TKT02680,I need assistance updating my account details and password.,13,6
TKT02681,The application crashes frequently and shows unexpected errors.,51,0
TKT02682,I need assistance updating my account details and password.,27,3
TKT02683,I was charged incorrectly and need clarification on my invoice.,41,1
TKT02684,The application crashes frequently and shows unexpected errors.,8,0
TKT02685,I was charged incorrectly and need clarification on my invoice.,15,2
TKT02686,The application crashes frequently and shows unexpected errors. The issue is urgent and needs resolution soon.,52,1
TKT02687,I was charged incorrectly and need clarification on my invoice. The issue is urgent and needs resolution soon.,50,2
TKT02688,I have suggestions to improve the usability of the product. The issue is urgent and needs resolution soon.,15,2
TKT02689,The application crashes frequently and shows unexpected errors. The issue is urgent and needs resolution soon.,28,2
TKT02690,I need assistance updating my account details and password.,41,0
TKT02691,The application crashes frequently and shows unexpected errors.,48,0
TKT02692,I need assistance updating my account details and password. The issue is urgent and needs resolution soon.,38,1
TKT02693,I was charged incorrectly and need clarification on my invoice.,9,1
TKT02694,The application crashes frequently and shows unexpected errors.,46,2
TKT02695,I would like more information about pricing and subscription plans.,11,0
TKT02696,I would like more information about pricing and subscription plans. The issue is urgent and needs resolution soon.,59,5
TKT02697,I would like more information about pricing and subscription plans. The issue is urgent and needs resolution soon.,10,2
TKT02698,I have suggestions to improve the usability of the product. The issue is urgent and needs resolution soon.,11,0
TKT02699,I need assistance updating my account details and password.,37,2
TKT02700,I have suggestions to improve the usability of the product.,30,1
TKT02701,I was charged incorrectly and need clarification on my invoice.,25,0
TKT02702,The application crashes frequently and shows unexpected errors. The issue is urgent and needs resolution soon.,54,2
TKT02703,I would like more information about pricing and subscription plans. The issue is urgent and needs resolution soon.,43,1
TKT02704,I would like more information about pricing and subscription plans. The issue is urgent and needs resolution soon.,36,3
TKT02705,I need assistance updating my account details and password. The issue is urgent and needs resolution soon.,2,2
TKT02706,I was charged incorrectly and need clarification on my invoice. The issue is urgent and needs resolution soon.,45,2
TKT02707,I have suggestions to improve the usability of the product.,13,2
TKT02708,I need assistance updating my account details and password. The issue is urgent and needs resolution soon.,41,2
TKT02709,I was charged incorrectly and need clarification on my invoice.,14,3
TKT02710,I would like more information about pricing and subscription plans.,17,2
TKT02711,I have suggestions to improve the usability of the product. The issue is urgent and needs resolution soon.,7,1
TKT02712,I have suggestions to improve the usability of the product. The issue is urgent and needs resolution soon.,56,1
TKT02713,I need assistance updating my account details and password.,38,0
TKT02714,I have suggestions to improve the usability of the product.,26,2
TKT02715,I have suggestions to improve the usability of the product.,32,4
TKT02716,I have suggestions to improve the usability of the product.,16,2
TKT02717,I was charged incorrectly and need clarification on my invoice.,14,2
TKT02718,I was charged incorrectly and need clarification on my invoice. The issue is urgent and needs resolution soon.,42,3
TKT02719,The application crashes frequently and shows unexpected errors. The issue is urgent and needs resolution soon.,40,1
TKT02720,I was charged incorrectly and need clarification on my invoice.,50,6
TKT02721,I would like more information about pricing and subscription plans.,12,3
TKT02722,I would like more information about pricing and subscription plans. The issue is urgent and needs resolution soon.,55,0
TKT02723,I have suggestions to improve the usability of the product. The issue is urgent and needs resolution soon.,27,3
TKT02724,I need assistance updating my account details and password.,55,1
TKT02725,I need assistance updating my account details and password. The issue is urgent and needs resolution soon.,35,1
TKT02726,I would like more information about pricing and subscription plans. The issue is urgent and needs resolution soon.,36,1
TKT02727,The application crashes frequently and shows unexpected errors. The issue is urgent and needs resolution soon.,31,1
TKT02728,I would like more information about pricing and subscription plans.,9,0
TKT02729,I need assistance updating my account details and password.,3,0
TKT02730,I was charged incorrectly and need clarification on my invoice. The issue is urgent and needs resolution soon.,18,0
TKT02731,I need assistance updating my account details and password. The issue is urgent and needs resolution soon.,27,1
TKT02732,The application crashes frequently and shows unexpected errors.,21,6
TKT02733,I was charged incorrectly and need clarification on my invoice.,30,0
TKT02734,I was charged incorrectly and need clarification on my invoice.,38,2
TKT02735,I have suggestions to improve the usability of the product.,35,4
TKT02736,I would like more information about pricing and subscription plans. The issue is urgent and needs resolution soon.,25,4
TKT02737,I have suggestions to improve the usability of the product.,35,2
TKT02738,I need assistance updating my account details and password.,21,1
TKT02739,I have suggestions to improve the usability of the product.,12,2
TKT02740,The application crashes frequently and shows unexpected errors.,5,3
TKT02741,The application crashes frequently and shows unexpected errors.,44,1
TKT02742,I was charged incorrectly and need clarification on my invoice. The issue is urgent and needs resolution soon.,36,1
TKT02743,The application crashes frequently and shows unexpected errors. The issue is urgent and needs resolution soon.,13,1
TKT02744,I need assistance updating my account details and password.,25,3
TKT02745,I was charged incorrectly and need clarification on my invoice.,12,1
TKT02746,The application crashes frequently and shows unexpected errors. The issue is urgent and needs resolution soon.,50,1
TKT02747,I would like more information about pricing and subscription plans. The issue is urgent and needs resolution soon.,3,2
TKT02748,I would like more information about pricing and subscription plans.,22,2
TKT02749,I would like more information about pricing and subscription plans.,31,0
TKT02750,I need assistance updating my account details and password.,43,4
TKT02751,The application crashes frequently and shows unexpected errors. The issue is urgent and needs resolution soon.,25,0
TKT02752,I have suggestions to improve the usability of the product. The issue is urgent and needs resolution soon.,6,2
TKT02753,The application crashes frequently and shows unexpected errors.,32,0
TKT02754,I was charged incorrectly and need clarification on my invoice.,58,5
TKT02755,I have suggestions to improve the usability of the product. The issue is urgent and needs resolution soon.,5,0
TKT02756,I have suggestions to improve the usability of the product.,11,1
TKT02757,I need assistance updating my account details and password. The issue is urgent and needs resolution soon.,22,3
TKT02758,I need assistance updating my account details and password.,25,3
TKT02759,I was charged incorrectly and need clarification on my invoice.,35,0
TKT02760,I have suggestions to improve the usability of the product.,32,4
TKT02761,I would like more information about pricing and subscription plans.,42,4
TKT02762,I would like more information about pricing and subscription plans.,36,3
TKT02763,The application crashes frequently and shows unexpected errors.,44,4
TKT02764,I need assistance updating my account details and password.,37,1
TKT02765,I was charged incorrectly and need clarification on my invoice. The issue is urgent and needs resolution soon.,29,2
TKT02766,The application crashes frequently and shows unexpected errors.,52,3
TKT02767,The application crashes frequently and shows unexpected errors. The issue is urgent and needs resolution soon.,1,3
TKT02768,I would like more information about pricing and subscription plans. The issue is urgent and needs resolution soon.,31,1
TKT02769,I need assistance updating my account details and password.,32,2
TKT02770,I was charged incorrectly and need clarification on my invoice.,18,2
TKT02771,I was charged incorrectly and need clarification on my invoice. The issue is urgent and needs resolution soon.,18,1
TKT02772,The application crashes frequently and shows unexpected errors.,43,3
TKT02773,The application crashes frequently and shows unexpected errors.,9,3
TKT02774,I would like more information about pricing and subscription plans.,28,1
TKT02775,I would like more information about pricing and subscription plans.,41,3
TKT02776,The application crashes frequently and shows unexpected errors.,5,2
TKT02777,I have suggestions to improve the usability of the product. The issue is urgent and needs resolution soon.,36,0
TKT02778,I need assistance updating my account details and password.,15,5
TKT02779,The application crashes frequently and shows unexpected errors.,38,1
TKT02780,I would like more information about pricing and subscription plans.,23,1
TKT02781,I have suggestions to improve the usability of the product.,53,2
TKT02782,I would like more information about pricing and subscription plans.,9,1
TKT02783,I need assistance updating my account details and password.,15,2
TKT02784,I need assistance updating my account details and password.,15,3
TKT02785,I need assistance updating my account details and password.,50,4
TKT02786,I have suggestions to improve the usability of the product. The issue is urgent and needs resolution soon.,3,0
TKT02787,I need assistance updating my account details and password.,6,2
TKT02788,I would like more information about pricing and subscription plans. The issue is urgent and needs resolution soon.,21,1
TKT02789,I need assistance updating my account details and password.,4,4
TKT02790,I would like more information about pricing and subscription plans.,39,4
TKT02791,I have suggestions to improve the usability of the product. The issue is urgent and needs resolution soon.,24,5
TKT02792,The application crashes frequently and shows unexpected errors. The issue is urgent and needs resolution soon.,15,1
TKT02793,The application crashes frequently and shows unexpected errors.,38,3
TKT02794,I have suggestions to improve the usability of the product. The issue is urgent and needs resolution soon.,3,7
TKT02795,I have suggestions to improve the usability of the product.,24,1
TKT02796,I have suggestions to improve the usability of the product. The issue is urgent and needs resolution soon.,41,1
TKT02797,I would like more information about pricing and subscription plans.,14,4
TKT02798,The application crashes frequently and shows unexpected errors.,30,5
TKT02799,The application crashes frequently and shows unexpected errors.,55,2
TKT02800,The application crashes frequently and shows unexpected errors.,2,5
TKT02801,The application crashes frequently and shows unexpected errors. The issue is urgent and needs resolution soon.,58,0
TKT02802,I would like more information about pricing and subscription plans. The issue is urgent and needs resolution soon.,36,0
TKT02803,I was charged incorrectly and need clarification on my invoice.,53,3
TKT02804,I was charged incorrectly and need clarification on my invoice.,49,0
TKT02805,I have suggestions to improve the usability of the product. The issue is urgent and needs resolution soon.,49,2
TKT02806,I was charged incorrectly and need clarification on my invoice.,14,3
TKT02807,I have suggestions to improve the usability of the product. The issue is urgent and needs resolution soon.,14,1
TKT02808,I would like more information about pricing and subscription plans.,51,3
TKT02809,The application crashes frequently and shows unexpected errors.,33,1
TKT02810,The application crashes frequently and shows unexpected errors. The issue is urgent and needs resolution soon.,8,1
TKT02811,The application crashes frequently and shows unexpected errors. The issue is urgent and needs resolution soon.,15,2
TKT02812,I have suggestions to improve the usability of the product.,52,0
TKT02813,I have suggestions to improve the usability of the product.,32,3
TKT02814,I have suggestions to improve the usability of the product.,8,3
TKT02815,I was charged incorrectly and need clarification on my invoice.,44,2
TKT02816,I need assistance updating my account details and password.,36,0
TKT02817,I have suggestions to improve the usability of the product.,7,2
TKT02818,I would like more information about pricing and subscription plans.,43,3
TKT02819,I have suggestions to improve the usability of the product. The issue is urgent and needs resolution soon.,44,2
TKT02820,I was charged incorrectly and need clarification on my invoice. The issue is urgent and needs resolution soon.,18,2
TKT02821,I was charged incorrectly and need clarification on my invoice. The issue is urgent and needs resolution soon.,15,0
TKT02822,The application crashes frequently and shows unexpected errors.,56,1
TKT02823,I have suggestions to improve the usability of the product. The issue is urgent and needs resolution soon.,49,3
TKT02824,I need assistance updating my account details and password. The issue is urgent and needs resolution soon.,45,1
TKT02825,I have suggestions to improve the usability of the product.,40,2
TKT02826,I was charged incorrectly and need clarification on my invoice. The issue is urgent and needs resolution soon.,10,0
TKT02827,I need assistance updating my account details and password.,1,2
TKT02828,The application crashes frequently and shows unexpected errors. The issue is urgent and needs resolution soon.,37,1
TKT02829,I have suggestions to improve the usability of the product. The issue is urgent and needs resolution soon.,22,5
TKT02830,I have suggestions to improve the usability of the product.,5,3
TKT02831,I need assistance updating my account details and password.,39,2
TKT02832,The application crashes frequently and shows unexpected errors. The issue is urgent and needs resolution soon.,21,3
TKT02833,The application crashes frequently and shows unexpected errors.,28,0
TKT02834,The application crashes frequently and shows unexpected errors.,46,1
TKT02835,I was charged incorrectly and need clarification on my invoice.,34,0
TKT02836,I need assistance updating my account details and password. The issue is urgent and needs resolution soon.,25,1
TKT02837,I need assistance updating my account details and password.,57,1
TKT02838,I was charged incorrectly and need clarification on my invoice. The issue is urgent and needs resolution soon.,31,2
TKT02839,The application crashes frequently and shows unexpected errors. The issue is urgent and needs resolution soon.,49,2
TKT02840,I need assistance updating my account details and password.,46,2
TKT02841,The application crashes frequently and shows unexpected errors.,17,2
TKT02842,I have suggestions to improve the usability of the product.,3,1
TKT02843,I was charged incorrectly and need clarification on my invoice.,22,1
TKT02844,I need assistance updating my account details and password.,44,3
TKT02845,I was charged incorrectly and need clarification on my invoice.,21,2
TKT02846,I was charged incorrectly and need clarification on my invoice. The issue is urgent and needs resolution soon.,40,4
TKT02847,The application crashes frequently and shows unexpected errors. The issue is urgent and needs resolution soon.,21,0
TKT02848,I need assistance updating my account details and password. The issue is urgent and needs resolution soon.,10,2
TKT02849,I need assistance updating my account details and password.,13,1
TKT02850,I was charged incorrectly and need clarification on my invoice.,1,2
TKT02851,I have suggestions to improve the usability of the product. The issue is urgent and needs resolution soon.,25,3
TKT02852,The application crashes frequently and shows unexpected errors.,20,2
TKT02853,I would like more information about pricing and subscription plans. The issue is urgent and needs resolution soon.,11,1
TKT02854,I have suggestions to improve the usability of the product.,42,1
TKT02855,I would like more information about pricing and subscription plans. The issue is urgent and needs resolution soon.,33,11
TKT02856,I was charged incorrectly and need clarification on my invoice. The issue is urgent and needs resolution soon.,10,0
TKT02857,I was charged incorrectly and need clarification on my invoice. The issue is urgent and needs resolution soon.,7,1
TKT02858,I was charged incorrectly and need clarification on my invoice.,36,3
TKT02859,I would like more information about pricing and subscription plans. The issue is urgent and needs resolution soon.,36,2
TKT02860,The application crashes frequently and shows unexpected errors.,6,4
TKT02861,I have suggestions to improve the usability of the product.,13,1
TKT02862,The application crashes frequently and shows unexpected errors.,8,2
TKT02863,The application crashes frequently and shows unexpected errors.,15,5
TKT02864,I have suggestions to improve the usability of the product. The issue is urgent and needs resolution soon.,55,2
TKT02865,I would like more information about pricing and subscription plans.,58,1
TKT02866,I was charged incorrectly and need clarification on my invoice.,18,2
TKT02867,I would like more information about pricing and subscription plans.,4,1
TKT02868,I have suggestions to improve the usability of the product.,18,3
TKT02869,I need assistance updating my account details and password.,40,2
TKT02870,I have suggestions to improve the usability of the product.,21,1
TKT02871,I have suggestions to improve the usability of the product.,44,4
TKT02872,I need assistance updating my account details and password.,21,1
TKT02873,I would like more information about pricing and subscription plans.,21,0
TKT02874,I would like more information about pricing and subscription plans.,45,1
TKT02875,The application crashes frequently and shows unexpected errors.,58,1
TKT02876,The application crashes frequently and shows unexpected errors. The issue is urgent and needs resolution soon.,20,2
TKT02877,The application crashes frequently and shows unexpected errors. The issue is urgent and needs resolution soon.,18,2
TKT02878,The application crashes frequently and shows unexpected errors. The issue is urgent and needs resolution soon.,9,0
TKT02879,The application crashes frequently and shows unexpected errors.,34,4
TKT02880,The application crashes frequently and shows unexpected errors. The issue is urgent and needs resolution soon.,25,4
TKT02881,I would like more information about pricing and subscription plans. The issue is urgent and needs resolution soon.,54,1
TKT02882,The application crashes frequently and shows unexpected errors.,32,1
TKT02883,I was charged incorrectly and need clarification on my invoice.,22,0
TKT02884,The application crashes frequently and shows unexpected errors.,15,2
TKT02885,I would like more information about pricing and subscription plans.,7,1
TKT02886,The application crashes frequently and shows unexpected errors. The issue is urgent and needs resolution soon.,19,2
TKT02887,I would like more information about pricing and subscription plans.,28,3
TKT02888,I need assistance updating my account details and password.,7,4
TKT02889,I was charged incorrectly and need clarification on my invoice. The issue is urgent and needs resolution soon.,53,4
TKT02890,I need assistance updating my account details and password.,10,1
TKT02891,I need assistance updating my account details and password. The issue is urgent and needs resolution soon.,31,2
TKT02892,The application crashes frequently and shows unexpected errors.,39,1
TKT02893,The application crashes frequently and shows unexpected errors.,22,3
TKT02894,I have suggestions to improve the usability of the product.,25,5
TKT02895,I was charged incorrectly and need clarification on my invoice. The issue is urgent and needs resolution soon.,41,2
TKT02896,I have suggestions to improve the usability of the product.,58,4
TKT02897,I was charged incorrectly and need clarification on my invoice.,25,3
TKT02898,I was charged incorrectly and need clarification on my invoice.,44,2
TKT02899,The application crashes frequently and shows unexpected errors.,8,1
TKT02900,I need assistance updating my account details and password.,47,1
TKT02901,The application crashes frequently and shows unexpected errors.,14,0
TKT02902,I was charged incorrectly and need clarification on my invoice.,21,1
TKT02903,I need assistance updating my account details and password. The issue is urgent and needs resolution soon.,36,1
TKT02904,I would like more information about pricing and subscription plans.,5,6
TKT02905,I have suggestions to improve the usability of the product. The issue is urgent and needs resolution soon.,22,1
TKT02906,The application crashes frequently and shows unexpected errors.,25,1
TKT02907,I was charged incorrectly and need clarification on my invoice. The issue is urgent and needs resolution soon.,34,2
TKT02908,I would like more information about pricing and subscription plans.,48,1
TKT02909,The application crashes frequently and shows unexpected errors.,1,5
TKT02910,I was charged incorrectly and need clarification on my invoice. The issue is urgent and needs resolution soon.,44,2
TKT02911,I have suggestions to improve the usability of the product. The issue is urgent and needs resolution soon.,6,3
TKT02912,I was charged incorrectly and need clarification on my invoice.,39,1
TKT02913,I would like more information about pricing and subscription plans. The issue is urgent and needs resolution soon.,8,3
TKT02914,I need assistance updating my account details and password. The issue is urgent and needs resolution soon.,12,3
TKT02915,The application crashes frequently and shows unexpected errors.,1,2
TKT02916,I need assistance updating my account details and password.,54,1
TKT02917,I have suggestions to improve the usability of the product.,51,3
TKT02918,I would like more information about pricing and subscription plans.,19,1
TKT02919,I was charged incorrectly and need clarification on my invoice. The issue is urgent and needs resolution soon.,31,2
TKT02920,The application crashes frequently and shows unexpected errors.,3,1
TKT02921,I have suggestions to improve the usability of the product.,57,2
TKT02922,I would like more information about pricing and subscription plans.,23,1
TKT02923,The application crashes frequently and shows unexpected errors.,55,1
TKT02924,The application crashes frequently and shows unexpected errors.,49,1
TKT02925,I would like more information about pricing and subscription plans.,36,4
TKT02926,The application crashes frequently and shows unexpected errors.,39,4
TKT02927,I would like more information about pricing and subscription plans.,53,3
TKT02928,I need assistance updating my account details and password. The issue is urgent and needs resolution soon.,13,2
TKT02929,I have suggestions to improve the usability of the product. The issue is urgent and needs resolution soon.,26,2
TKT02930,The application crashes frequently and shows unexpected errors. The issue is urgent and needs resolution soon.,32,4
TKT02931,I would like more information about pricing and subscription plans. The issue is urgent and needs resolution soon.,11,1
TKT02932,I have suggestions to improve the usability of the product.,51,5
TKT02933,I was charged incorrectly and need clarification on my invoice. The issue is urgent and needs resolution soon.,56,2
TKT02934,I was charged incorrectly and need clarification on my invoice.,26,3
TKT02935,I need assistance updating my account details and password.,44,0
TKT02936,I was charged incorrectly and need clarification on my invoice.,6,2
TKT02937,The application crashes frequently and shows unexpected errors.,45,5
TKT02938,I need assistance updating my account details and password. The issue is urgent and needs resolution soon.,33,3
TKT02939,I would like more information about pricing and subscription plans.,54,0
TKT02940,I need assistance updating my account details and password. The issue is urgent and needs resolution soon.,58,4
TKT02941,The application crashes frequently and shows unexpected errors.,9,3
TKT02942,I was charged incorrectly and need clarification on my invoice.,45,3
TKT02943,I was charged incorrectly and need clarification on my invoice. The issue is urgent and needs resolution soon.,53,3
TKT02944,I have suggestions to improve the usability of the product. The issue is urgent and needs resolution soon.,58,2
TKT02945,I need assistance updating my account details and password. The issue is urgent and needs resolution soon.,33,2
TKT02946,The application crashes frequently and shows unexpected errors.,49,0
TKT02947,I need assistance updating my account details and password.,12,3
TKT02948,I was charged incorrectly and need clarification on my invoice. The issue is urgent and needs resolution soon.,31,1
TKT02949,I was charged incorrectly and need clarification on my invoice.,11,4
TKT02950,I have suggestions to improve the usability of the product. The issue is urgent and needs resolution soon.,12,3
TKT02951,I would like more information about pricing and subscription plans. The issue is urgent and needs resolution soon.,9,2
TKT02952,I was charged incorrectly and need clarification on my invoice.,15,3
TKT02953,I need assistance updating my account details and password.,21,3
TKT02954,I would like more information about pricing and subscription plans.,39,4
TKT02955,I need assistance updating my account details and password. The issue is urgent and needs resolution soon.,6,3
TKT02956,I need assistance updating my account details and password.,53,0
TKT02957,I was charged incorrectly and need clarification on my invoice.,25,4
TKT02958,I have suggestions to improve the usability of the product. The issue is urgent and needs resolution soon.,58,2
TKT02959,I would like more information about pricing and subscription plans.,29,0
TKT02960,I would like more information about pricing and subscription plans. The issue is urgent and needs resolution soon.,55,2
TKT02961,I was charged incorrectly and need clarification on my invoice.,58,4
TKT02962,I need assistance updating my account details and password.,30,0
TKT02963,I have suggestions to improve the usability of the product.,4,1
TKT02964,The application crashes frequently and shows unexpected errors.,21,1
TKT02965,I have suggestions to improve the usability of the product.,18,3
TKT02966,I need assistance updating my account details and password.,33,6
TKT02967,I was charged incorrectly and need clarification on my invoice.,53,2
TKT02968,The application crashes frequently and shows unexpected errors.,15,3
TKT02969,I would like more information about pricing and subscription plans.,13,2
TKT02970,The application crashes frequently and shows unexpected errors. The issue is urgent and needs resolution soon.,37,3
TKT02971,I have suggestions to improve the usability of the product.,3,2
TKT02972,The application crashes frequently and shows unexpected errors.,12,3
TKT02973,I was charged incorrectly and need clarification on my invoice. The issue is urgent and needs resolution soon.,48,5
TKT02974,I have suggestions to improve the usability of the product. The issue is urgent and needs resolution soon.,25,5
TKT02975,I would like more information about pricing and subscription plans.,57,3
TKT02976,I have suggestions to improve the usability of the product.,26,1
TKT02977,I need assistance updating my account details and password.,9,1
TKT02978,I need assistance updating my account details and password. The issue is urgent and needs resolution soon.,56,2
TKT02979,The application crashes frequently and shows unexpected errors.,17,1
TKT02980,I need assistance updating my account details and password.,52,2
TKT02981,I have suggestions to improve the usability of the product.,43,0
TKT02982,The application crashes frequently and shows unexpected errors.,13,0
TKT02983,I would like more information about pricing and subscription plans.,28,1
TKT02984,I need assistance updating my account details and password. The issue is urgent and needs resolution soon.,50,4
TKT02985,The application crashes frequently and shows unexpected errors.,14,1
TKT02986,I would like more information about pricing and subscription plans. The issue is urgent and needs resolution soon.,18,4
TKT02987,The application crashes frequently and shows unexpected errors.,30,1
TKT02988,The application crashes frequently and shows unexpected errors.,55,1
TKT02989,I was charged incorrectly and need clarification on my invoice.,45,6
TKT02990,I was charged incorrectly and need clarification on my invoice.,27,2
TKT02991,I need assistance updating my account details and password. The issue is urgent and needs resolution soon.,47,2
TKT02992,I was charged incorrectly and need clarification on my invoice. The issue is urgent and needs resolution soon.,56,2
TKT02993,I need assistance updating my account details and password.,32,3
TKT02994,I have suggestions to improve the usability of the product. The issue is urgent and needs resolution soon.,55,3
TKT02995,I would like more information about pricing and subscription plans.,5,0
TKT02996,I was charged incorrectly and need clarification on my invoice.,42,1
TKT02997,The application crashes frequently and shows unexpected errors.,29,2
TKT02998,I would like more information about pricing and subscription plans.,26,1
TKT02999,I need assistance updating my account details and password. The issue is urgent and needs resolution soon.,52,1
